"","ID","CC1","CC2","CC3","CC4","CC5","CC6","Exp1.CC1","Exp1.CC2","Exp1.CC3","X1_Exp1.Test.Jump","X2_Exp1.Test.Jump","X3_Exp1.Test.Jump","X4_Exp1.Test.Jump","X5_Exp1.Test.Jump","X6_Exp1.Test.Jump","X7_Exp1.Test.Jump","X1_Exp1.Test.Fall","X2_Exp1.Test.Fall","X3_Exp1.Test.Fall","X4_Exp1.Test.Fall","X5_Exp1.Test.Fall","X6_Exp1.Test.Fall","X7_Exp1.Test.Fall","Exp2.CC1","Exp2.CC2","Exp2.CC3","X1_Exp2.Test","X2_Exp2.Test","X3_Exp2.Test","X4_Exp2.Test","X5_Exp2.Test","X6_Exp2.Test","X7_Exp2.Test","Exp3.CC1","Exp3.CC2","Exp3.CC3","X1_Exp3.Test","X2_Exp3.Test","X3_Exp3.Test","X4_Exp3.Test","X5_Exp3.Test","Exp4.CC1","Exp4.CC2","Exp4.CC3","X1_Exp4.Test","X2_Exp4.Test","X3_Exp4.Test","X4_Exp4.Test","X5_Exp4.Test","X6_Exp4.Test","X7_Exp4.Test","AC","AC_check","Age","Sex","Order_Exps1","Order_Exp2","Order_Exp3","Order_Exp4","Order_Exps","Version","Duration","group","Age_Months","Age_Years"
"1","1","deeper","deeper","deeper","No!","No!","To make decisions on which cliffs Wendi will jump",71,50,0,92,71,61,41,30,20,10,71,40,30,10,0,0,0,30,100,50,95,89,71,50,31,32,31,71,50,0,71,71,71,70,75,100,6,50,0,8,21,21,35,65,95,"Wendi's favorite gelato flavor is sea salt caramel",0,46,"female","|Exp1B.1|Exp1B.7|Exp1B.5|Exp1B.6|Exp1B.3|Exp1B.4|Exp1B.2","|Exp2B.4|Exp2B.2|Exp2B.3|Exp2B.1|Exp2B.5","|Exp3B.6|Exp3B.7|Exp3B.5|Exp3B.4|Exp3B.1|Exp3B.2|Exp3B.3","|Exp4B.4|Exp4B.5|Exp4B.3|Exp4B.7|Exp4B.1|Exp4B.6|Exp4B.2",1,"B",560,"adults",NA,NA
"2","2","deeper","deeper","deeper","No!","No!","To find out which objects she likes and which cliffs she is willing to jump for them.",30,50,92,23,38,46,56,71,63,75,51,59,67,69,78,82,92,32,95,50,12,32,27,51,67,71,74,30,51,92,41,39,36,25,28,94,27,51,100,83,65,51,32,16,5,"Wendi's favorite gelato flavor is sea salt caramel",0,35,"male","|Exp1A.3|Exp1A.6|Exp1A.1|Exp1A.5|Exp1A.2|Exp1A.7|Exp1A.4","|Exp2A.5|Exp2A.3|Exp2A.2|Exp2A.1|Exp2A.4","|Exp3A.1|Exp3A.7|Exp3A.6|Exp3A.4|Exp3A.3|Exp3A.2|Exp3A.5","|Exp4A.5|Exp4A.3|Exp4A.4|Exp4A.2|Exp4A.1|Exp4A.6|Exp4A.7",2,"A",488,"adults",NA,NA
"3","3","deeper","deeper","deeper","No!","No!","to know when she will jump",31,51,97,25,28,29,31,27,24,37,66,77,81,71,92,98,98,32,95,50,13,31,25,50,78,74,72,31,51,93,30,31,25,31,29,96,24,51,72,91,35,51,17,14,0,"Wendi's favorite gelato flavor is sea salt caramel",0,68,"female","|Exp1A.7|Exp1A.1|Exp1A.3|Exp1A.5|Exp1A.6|Exp1A.4|Exp1A.2","|Exp2A.5|Exp2A.1|Exp2A.2|Exp2A.4|Exp2A.3","|Exp3A.1|Exp3A.5|Exp3A.6|Exp3A.2|Exp3A.3|Exp3A.4|Exp3A.7","|Exp4A.2|Exp4A.3|Exp4A.1|Exp4A.5|Exp4A.7|Exp4A.6|Exp4A.4",1,"A",771,"adults",NA,NA
"4","4","deeper","deeper","deeper","No!","No!","To determine what objects Wendi likes and what cliffs she will jump.",30,50,100,10,21,40,71,82,81,91,71,64,76,81,93,92,92,33,100,50,0,0,25,51,70,100,100,30,50,100,50,30,30,25,19,100,21,51,NA,89,66,51,31,7,8,"Wendi's favorite gelato flavor is sea salt caramel",0,64,"female","|Exp1A.6|Exp1A.3|Exp1A.2|Exp1A.7|Exp1A.4|Exp1A.1|Exp1A.5","|Exp2A.1|Exp2A.3|Exp2A.4|Exp2A.2|Exp2A.5","|Exp3A.1|Exp3A.7|Exp3A.4|Exp3A.5|Exp3A.6|Exp3A.3|Exp3A.2","|Exp4A.1|Exp4A.7|Exp4A.4|Exp4A.2|Exp4A.6|Exp4A.3|Exp4A.5",3,"A",955,"adults",NA,NA
"5","5","deeper","deeper","deeper","No!","No!","To find out which cliffs Wendi will jump and what objects Wendi likes",71,50,7,51,49,50,51,28,14,7,51,51,29,32,15,16,6,29,90,50,71,70,71,50,29,31,30,71,50,8,69,70,72,70,87,95,24,50,0,21,21,32,50,65,100,"Wendi's favorite gelato flavor is sea salt caramel",0,36,"male","|Exp1B.6|Exp1B.3|Exp1B.4|Exp1B.5|Exp1B.1|Exp1B.2|Exp1B.7","|Exp2B.4|Exp2B.1|Exp2B.2|Exp2B.3|Exp2B.5","|Exp3B.5|Exp3B.3|Exp3B.1|Exp3B.7|Exp3B.4|Exp3B.6|Exp3B.2","|Exp4B.3|Exp4B.5|Exp4B.6|Exp4B.4|Exp4B.1|Exp4B.2|Exp4B.7",1,"B",616,"adults",NA,NA
"6","6","deeper","deeper","deeper","No!","No!","To figure out what Wendi likes and what cliffs she will jump over",31,51,100,1,33,32,29,52,32,56,100,93,94,85,69,80,73,30,100,51,0,0,3,50,100,100,100,30,51,100,70,43,31,31,33,100,23,51,100,78,75,50,30,5,2,"Wendi's favorite gelato flavor is sea salt caramel",0,28,"female","|Exp1A.2|Exp1A.3|Exp1A.4|Exp1A.5|Exp1A.7|Exp1A.1|Exp1A.6","|Exp2A.5|Exp2A.3|Exp2A.1|Exp2A.4|Exp2A.2","|Exp3A.7|Exp3A.4|Exp3A.3|Exp3A.6|Exp3A.5|Exp3A.1|Exp3A.2","|Exp4A.7|Exp4A.6|Exp4A.4|Exp4A.5|Exp4A.1|Exp4A.3|Exp4A.2",2,"A",610,"adults",NA,NA
"7","7","deeper","deeper","deeper","No!","No!","Determining what Wendi will jump the cliff for.",29,51,100,0,0,28,50,40,100,78,31,29,51,50,58,100,87,31,100,51,16,26,31,51,70,70,78,30,50,100,29,30,37,30,21,100,27,50,65,59,38,23,8,0,0,"Wendi's favorite gelato flavor is sea salt caramel",0,27,"female","|Exp1A.6|Exp1A.5|Exp1A.2|Exp1A.7|Exp1A.1|Exp1A.4|Exp1A.3","|Exp2A.4|Exp2A.3|Exp2A.5|Exp2A.2|Exp2A.1","|Exp3A.4|Exp3A.3|Exp3A.6|Exp3A.5|Exp3A.1|Exp3A.2|Exp3A.7","|Exp4A.1|Exp4A.3|Exp4A.5|Exp4A.7|Exp4A.6|Exp4A.4|Exp4A.2",1,"A",666,"adults",NA,NA
"8","8","deeper","deeper","deeper","No!","No!","To find out what Wendi likes and which cliffs she will jump.",70,51,10,58,68,70,57,44,33,41,42,29,23,36,25,10,9,30,100,50,82,77,72,50,31,34,31,70,51,0,21,40,58,60,83,99,26,51,0,9,34,50,62,81,100,"Wendi's favorite gelato flavor is sea salt caramel",0,30,"male","|Exp1B.5|Exp1B.7|Exp1B.4|Exp1B.2|Exp1B.1|Exp1B.6|Exp1B.3","|Exp2B.4|Exp2B.2|Exp2B.3|Exp2B.5|Exp2B.1|Exp2B.1|Exp2B.5|Exp2B.3|Exp2B.2|Exp2B.3|Exp2B.5|Exp2B.1","|Exp3B.2|Exp3B.5|Exp3B.7|Exp3B.6|Exp3B.4|Exp3B.3|Exp3B.1","|Exp4B.2|Exp4B.1|Exp4B.4|Exp4B.6|Exp4B.3|Exp4B.7|Exp4B.5",2,"B",371,"adults",NA,NA
"9","9","deeper","deeper","deeper","No!","No!","To figure out what Wendy likes and what cliffs she will jump over.",31,50,95,40,46,53,49,64,70,70,51,57,67,65,85,80,89,30,87,50,20,31,37,51,60,69,78,30,51,92,60,65,36,44,51,96,6,51,92,80,63,36,35,6,7,"Wendi's favorite gelato flavor is sea salt caramel",0,29,"male","|Exp1A.4|Exp1A.5|Exp1A.6|Exp1A.7|Exp1A.1|Exp1A.3|Exp1A.2","|Exp2A.3|Exp2A.1|Exp2A.4|Exp2A.5|Exp2A.2","|Exp3A.4|Exp3A.3|Exp3A.6|Exp3A.7|Exp3A.2|Exp3A.1|Exp3A.5","|Exp4A.1|Exp4A.4|Exp4A.3|Exp4A.7|Exp4A.5|Exp4A.2|Exp4A.6",3,"A",393,"adults",NA,NA
"10","10","deeper","deeper","deeper","No!","No!","To find out what items Wendy likes.",29,50,100,0,26,19,62,65,100,100,50,51,65,84,90,100,100,31,100,50,0,10,25,50,73,74,100,30,49,100,30,30,29,28,33,100,20,51,100,79,23,50,14,6,0,"Wendi's favorite gelato flavor is sea salt caramel",0,39,"male","|Exp1A.4|Exp1A.5|Exp1A.7|Exp1A.1|Exp1A.3|Exp1A.2|Exp1A.6","|Exp2A.1|Exp2A.5|Exp2A.3|Exp2A.4|Exp2A.2","|Exp3A.4|Exp3A.1|Exp3A.6|Exp3A.2|Exp3A.7|Exp3A.3|Exp3A.5","|Exp4A.1|Exp4A.3|Exp4A.5|Exp4A.2|Exp4A.4|Exp4A.6|Exp4A.7",1,"A",389,"adults",NA,NA
"11","11","deeper","deeper","deeper","No!","No!","figure out what Wendi likes and which cliffs she'll jump",29,53,100,44,38,30,20,16,9,3,57,62,72,77,85,91,97,32,100,53,1,14,10,45,91,89,98,30,50,100,36,24,25,18,12,100,25,51,100,84,78,51,24,12,0,"Wendi's favorite gelato flavor is sea salt caramel",0,38,"male","|Exp1A.2|Exp1A.5|Exp1A.3|Exp1A.6|Exp1A.4|Exp1A.7|Exp1A.1","|Exp2A.1|Exp2A.2|Exp2A.4|Exp2A.3|Exp2A.5","|Exp3A.7|Exp3A.4|Exp3A.2|Exp3A.5|Exp3A.1|Exp3A.6|Exp3A.3","|Exp4A.4|Exp4A.1|Exp4A.5|Exp4A.7|Exp4A.6|Exp4A.3|Exp4A.2",2,"A",494,"adults",NA,NA
"12","12","deeper","deeper","deeper","No!","No!","to find out which cliff wendi likes more",71,50,9,86,72,59,29,29,9,9,72,63,30,10,6,9,9,31,89,51,90,90,91,50,10,25,14,72,50,9,51,66,64,60,61,95,20,51,6,9,7,37,51,50,57,"Wendi's favorite gelato flavor is sea salt caramel",0,35,"female","|Exp1B.5|Exp1B.3|Exp1B.1|Exp1B.7|Exp1B.2|Exp1B.4|Exp1B.6","|Exp2B.5|Exp2B.2|Exp2B.4|Exp2B.3|Exp2B.1","|Exp3B.3|Exp3B.6|Exp3B.4|Exp3B.1|Exp3B.7|Exp3B.5|Exp3B.2","|Exp4B.4|Exp4B.6|Exp4B.5|Exp4B.7|Exp4B.3|Exp4B.1|Exp4B.2",2,"B",489,"adults",NA,NA
"13","13","deeper","deeper","deeper","No!","No!","TO find out what kind of items Wendi likes and the jump.",29,51,100,51,61,64,61,67,91,89,61,69,77,90,100,96,100,32,100,51,34,30,26,51,70,92,90,28,49,100,51,51,42,40,54,100,23,51,100,88,75,51,21,23,3,"Wendi's favorite gelato flavor is sea salt caramel",0,29,"male","|Exp1A.2|Exp1A.6|Exp1A.3|Exp1A.5|Exp1A.1|Exp1A.7|Exp1A.4","|Exp2A.5|Exp2A.4|Exp2A.2|Exp2A.3|Exp2A.1","|Exp3A.5|Exp3A.7|Exp3A.1|Exp3A.4|Exp3A.6|Exp3A.3|Exp3A.2","|Exp4A.5|Exp4A.4|Exp4A.3|Exp4A.1|Exp4A.7|Exp4A.2|Exp4A.6",2,"A",368,"adults",NA,NA
"14","14","deeper","deeper","deeper","No!","No!","To figure out which cliffs Wendi will jump and which objects she likes.",72,50,0,100,71,71,30,70,0,50,51,30,31,31,31,0,0,30,100,51,100,100,69,51,32,32,0,70,51,0,71,71,72,71,71,100,22,51,0,0,7,49,36,78,100,"Wendi's favorite gelato flavor is sea salt caramel",0,54,"female","|Exp1B.7|Exp1B.5|Exp1B.6|Exp1B.1|Exp1B.3|Exp1B.2|Exp1B.4","|Exp2B.4|Exp2B.2|Exp2B.5|Exp2B.1|Exp2B.3","|Exp3B.5|Exp3B.2|Exp3B.7|Exp3B.6|Exp3B.4|Exp3B.1|Exp3B.3","|Exp4B.7|Exp4B.5|Exp4B.1|Exp4B.3|Exp4B.6|Exp4B.2|Exp4B.4",2,"B",500,"adults",NA,NA
"15","15","deeper","deeper","deeper","No!","No!","To figure out which cliff Wendy needs to jump",32,52,93,26,23,52,51,63,83,66,54,60,75,65,80,97,87,31,89,49,10,14,19,62,78,85,72,31,50,100,38,34,41,38,30,92,15,51,89,88,76,52,23,8,8,"Wendi's favorite gelato flavor is sea salt caramel",0,50,"male","|Exp1A.4|Exp1A.1|Exp1A.5|Exp1A.2|Exp1A.3|Exp1A.6|Exp1A.7","|Exp2A.1|Exp2A.2|Exp2A.5|Exp2A.4|Exp2A.3","|Exp3A.5|Exp3A.1|Exp3A.6|Exp3A.7|Exp3A.2|Exp3A.3|Exp3A.4","|Exp4A.6|Exp4A.2|Exp4A.7|Exp4A.3|Exp4A.5|Exp4A.1|Exp4A.4",3,"A",545,"adults",NA,NA
"16","16","deeper","deeper","deeper","No!","No!","To determine which objects Wendi likes and if you can jump over the cliffs",29,51,93,20,22,30,31,33,33,33,58,66,73,72,74,94,94,32,100,51,17,30,31,71,68,70,71,30,51,100,30,37,23,22,19,94,24,51,98,79,51,36,30,21,2,"Wendi's favorite gelato flavor is sea salt caramel",0,25,"male","|Exp1A.5|Exp1A.6|Exp1A.2|Exp1A.4|Exp1A.7|Exp1A.3|Exp1A.1","|Exp2A.1|Exp2A.3|Exp2A.5|Exp2A.2|Exp2A.4","|Exp3A.6|Exp3A.7|Exp3A.3|Exp3A.4|Exp3A.1|Exp3A.5|Exp3A.2","|Exp4A.5|Exp4A.2|Exp4A.1|Exp4A.4|Exp4A.3|Exp4A.6|Exp4A.7",1,"A",574,"adults",NA,NA
"17","17","deeper","deeper","deeper","No!","No!","To figure out which objects she likes and which cliff she will jump.",70,51,0,51,80,46,38,20,29,19,36,30,29,18,9,0,0,32,100,50,70,70,70,51,32,32,20,71,50,0,39,60,71,71,72,100,24,51,22,22,38,38,36,80,100,"Wendi's favorite gelato flavor is sea salt caramel",0,44,"female","|Exp1B.4|Exp1B.5|Exp1B.1|Exp1B.2|Exp1B.6|Exp1B.3|Exp1B.7","|Exp2B.5|Exp2B.4|Exp2B.1|Exp2B.3|Exp2B.2","|Exp3B.4|Exp3B.1|Exp3B.5|Exp3B.7|Exp3B.6|Exp3B.2|Exp3B.3","|Exp4B.2|Exp4B.6|Exp4B.1|Exp4B.7|Exp4B.4|Exp4B.3|Exp4B.5",1,"B",639,"adults",NA,NA
"18","18","deeper","deeper","deeper","No!","No!","Figure out what cliffs Wendi will jump and what objects she likes.",71,51,0,76,66,61,44,31,16,16,46,29,31,31,17,8,10,32,100,51,85,88,87,51,13,11,13,71,51,0,63,73,71,76,71,94,32,51,2,21,39,51,73,87,99,"Wendi's favorite gelato flavor is sea salt caramel",0,52,"male","|Exp1B.2|Exp1B.4|Exp1B.6|Exp1B.5|Exp1B.7|Exp1B.3|Exp1B.1","|Exp2B.3|Exp2B.5|Exp2B.2|Exp2B.4|Exp2B.1","|Exp3B.6|Exp3B.1|Exp3B.7|Exp3B.5|Exp3B.2|Exp3B.4|Exp3B.3","|Exp4B.2|Exp4B.7|Exp4B.4|Exp4B.1|Exp4B.6|Exp4B.5|Exp4B.3",1,"B",640,"adults",NA,NA
"19","19","deeper","deeper","deeper","No!","No!","pick which objects Wendy likes.",71,51,4,77,61,57,43,32,30,21,50,38,28,19,9,9,7,32,100,51,100,87,74,51,31,2,1,71,51,7,72,72,71,75,80,98,31,51,3,24,28,7,38,69,94,"Wendi's favorite gelato flavor is sea salt caramel",0,65,"male","|Exp1B.6|Exp1B.4|Exp1B.7|Exp1B.1|Exp1B.3|Exp1B.5|Exp1B.2","|Exp2B.1|Exp2B.5|Exp2B.4|Exp2B.3|Exp2B.2","|Exp3B.7|Exp3B.1|Exp3B.6|Exp3B.2|Exp3B.5|Exp3B.3|Exp3B.4","|Exp4B.7|Exp4B.1|Exp4B.4|Exp4B.5|Exp4B.2|Exp4B.3|Exp4B.6",2,"B",641,"adults",NA,NA
"20","20","deeper","deeper","deeper","No!","No!","to figure out wendys  actions  ",71,50,0,96,37,37,34,20,18,13,30,27,25,0,0,0,0,32,90,50,100,87,75,49,10,9,1,71,50,7,83,89,88,81,81,100,21,51,0,4,79,51,65,17,96,"Wendi's favorite gelato flavor is sea salt caramel",0,33,"male","|Exp1B.5|Exp1B.2|Exp1B.4|Exp1B.1|Exp1B.3|Exp1B.7|Exp1B.6","|Exp2B.5|Exp2B.1|Exp2B.3|Exp2B.4|Exp2B.2","|Exp3B.3|Exp3B.6|Exp3B.1|Exp3B.4|Exp3B.7|Exp3B.2|Exp3B.5","|Exp4B.1|Exp4B.4|Exp4B.7|Exp4B.5|Exp4B.3|Exp4B.6|Exp4B.2",3,"B",635,"adults",NA,NA
"21","21","deeper","deeper","deeper","No!","No!","To figure out what cliffs Wendy will jump over and what objects she likes.",30,51,100,12,41,38,44,79,80,92,73,78,92,100,98,100,100,31,100,51,4,22,23,51,100,87,99,29,51,100,44,32,30,31,18,100,27,51,74,68,36,51,30,13,17,"Wendi's favorite gelato flavor is sea salt caramel",0,31,"female","|Exp1A.5|Exp1A.3|Exp1A.7|Exp1A.1|Exp1A.4|Exp1A.2|Exp1A.6","|Exp2A.3|Exp2A.2|Exp2A.5|Exp2A.1|Exp2A.4","|Exp3A.5|Exp3A.2|Exp3A.4|Exp3A.6|Exp3A.3|Exp3A.1|Exp3A.7","|Exp4A.4|Exp4A.6|Exp4A.7|Exp4A.1|Exp4A.3|Exp4A.5|Exp4A.2",3,"A",462,"adults",NA,NA
"22","22","deeper","deeper","deeper","No!","No!","what Wendi likes and what cliffs she will jump over.",30,51,100,51,29,27,28,0,32,0,99,80,90,70,100,75,70,33,100,50,65,34,100,0,54,73,77,32,51,100,30,0,51,90,76,100,0,52,100,78,78,51,22,21,5,"Wendi's favorite gelato flavor is sea salt caramel",0,30,"female","|Exp1A.3|Exp1A.2|Exp1A.1|Exp1A.7|Exp1A.5|Exp1A.4|Exp1A.6","|Exp2A.1|Exp2A.3|Exp2A.5|Exp2A.2|Exp2A.4","|Exp3A.3|Exp3A.7|Exp3A.1|Exp3A.2|Exp3A.6|Exp3A.4|Exp3A.5","|Exp4A.6|Exp4A.1|Exp4A.5|Exp4A.2|Exp4A.4|Exp4A.7|Exp4A.3",2,"A",260,"adults",NA,NA
"23","23","deeper","deeper","deeper","No!","No!","To figure out which things she likes and which cliffs she will jump over",72,51,0,82,79,91,88,81,100,100,29,32,4,21,19,0,0,30,100,50,100,100,98,50,26,0,1,72,51,0,51,72,73,74,72,100,20,50,0,7,21,39,66,66,97,"Wendi's favorite gelato flavor is sea salt caramel",0,64,"female","|Exp1B.3|Exp1B.4|Exp1B.1|Exp1B.5|Exp1B.2|Exp1B.7|Exp1B.6","|Exp2B.5|Exp2B.2|Exp2B.4|Exp2B.1|Exp2B.3","|Exp3B.6|Exp3B.2|Exp3B.5|Exp3B.3|Exp3B.7|Exp3B.1|Exp3B.4","|Exp4B.3|Exp4B.7|Exp4B.5|Exp4B.6|Exp4B.1|Exp4B.2|Exp4B.4",3,"B",685,"adults",NA,NA
"24","24","deeper","deeper","deeper","No!","No!","to find what cliff wendi will jump and how deep they are",28,51,100,22,22,28,68,69,62,51,9,32,24,82,44,25,44,30,100,49,85,34,13,91,84,34,100,28,51,100,3,94,52,93,27,100,25,51,98,77,27,0,7,19,0,"Wendi's favorite gelato flavor is sea salt caramel",0,23,"male","|Exp1A.5|Exp1A.2|Exp1A.3|Exp1A.7|Exp1A.4|Exp1A.6|Exp1A.1","|Exp2A.1|Exp2A.5|Exp2A.3|Exp2A.2|Exp2A.4","|Exp3A.3|Exp3A.4|Exp3A.2|Exp3A.7|Exp3A.5|Exp3A.1|Exp3A.6","|Exp4A.5|Exp4A.7|Exp4A.6|Exp4A.1|Exp4A.4|Exp4A.2|Exp4A.3",1,"A",275,"adults",NA,NA
"25","25","deeper","deeper","deeper","No!","No!","To find out what objects Wendi likes and what cliffs she will jump over.",71,50,7,80,70,60,57,42,38,38,29,28,27,29,9,8,2,31,95,51,97,92,82,50,29,25,8,72,50,9,71,71,71,71,71,96,24,50,7,8,22,51,79,94,95,"Wendi's favorite gelato flavor is sea salt caramel",0,44,"male","|Exp1B.3|Exp1B.6|Exp1B.7|Exp1B.5|Exp1B.1|Exp1B.4|Exp1B.2","|Exp2B.3|Exp2B.1|Exp2B.4|Exp2B.5|Exp2B.2","|Exp3B.4|Exp3B.3|Exp3B.1|Exp3B.2|Exp3B.7|Exp3B.6|Exp3B.5","|Exp4B.3|Exp4B.7|Exp4B.5|Exp4B.2|Exp4B.6|Exp4B.4|Exp4B.1",3,"B",585,"adults",NA,NA
"26","26","deeper","deeper","deeper","No!","No!","My job is to find out which objects Wendi likes and which cliffs she'll jump over.",70,50,0,70,70,70,51,29,0,0,29,29,0,0,0,0,0,31,100,50,70,70,73,50,32,32,31,73,50,0,70,70,70,71,70,100,13,51,0,0,0,0,28,88,100,"Wendi's favorite gelato flavor is sea salt caramel",0,34,"male","|Exp1B.4|Exp1B.1|Exp1B.3|Exp1B.7|Exp1B.2|Exp1B.5|Exp1B.6","|Exp2B.5|Exp2B.3|Exp2B.4|Exp2B.3|Exp2B.4|Exp2B.2|Exp2B.1","|Exp3B.4|Exp3B.5|Exp3B.6|Exp3B.7|Exp3B.3|Exp3B.2|Exp3B.1","|Exp4B.3|Exp4B.7|Exp4B.4|Exp4B.6|Exp4B.5|Exp4B.1|Exp4B.2",1,"B",704,"adults",NA,NA
"27","27","deeper","deeper","deeper","No!","No!","Figure out which cliffs wendi will jump over to get to items on the other side.",30,51,92,51,70,71,71,71,71,72,51,71,82,93,93,93,94,31,100,50,51,50,50,50,50,50,50,30,51,91,30,30,30,30,30,94,21,51,95,80,37,6,7,6,0,"Wendi's favorite gelato flavor is sea salt caramel",0,46,"female","|Exp1A.2|Exp1A.3|Exp1A.6|Exp1A.7|Exp1A.5|Exp1A.4|Exp1A.1","|Exp2A.4|Exp2A.5|Exp2A.3|Exp2A.2|Exp2A.1","|Exp3A.4|Exp3A.6|Exp3A.1|Exp3A.2|Exp3A.3|Exp3A.5|Exp3A.7","|Exp4A.4|Exp4A.7|Exp4A.1|Exp4A.2|Exp4A.3|Exp4A.6|Exp4A.5",1,"A",787,"adults",NA,NA
"28","28","deeper","deeper","deeper","No!","No!","to figure out what she likes and which cliffs she will jump",30,51,93,51,51,51,57,70,71,71,57,69,70,73,81,86,85,32,92,51,29,31,33,51,69,72,68,31,51,94,42,42,32,30,32,93,23,51,95,81,64,51,36,23,6,"Wendi's favorite gelato flavor is sea salt caramel",0,30,"female","|Exp1A.1|Exp1A.2|Exp1A.6|Exp1A.4|Exp1A.3|Exp1A.7|Exp1A.5","|Exp2A.5|Exp2A.4|Exp2A.1|Exp2A.2|Exp2A.3","|Exp3A.6|Exp3A.4|Exp3A.7|Exp3A.1|Exp3A.3|Exp3A.2|Exp3A.5|Exp3A.5","|Exp4A.3|Exp4A.4|Exp4A.5|Exp4A.2|Exp4A.7|Exp4A.6|Exp4A.1",3,"A",461,"adults",NA,NA
"29","29","deeper","deeper","deeper","No!","No!","To find out which things Wendi likes, and which cliffs she is willing to jump over.",30,50,92,35,34,51,46,49,46,51,77,59,77,62,77,81,89,31,90,51,13,29,30,51,74,77,69,30,50,91,65,55,37,37,39,96,25,51,80,76,59,32,26,10,2,"Wendi's favorite gelato flavor is sea salt caramel",0,28,"female","|Exp1A.4|Exp1A.5|Exp1A.1|Exp1A.6|Exp1A.3|Exp1A.2|Exp1A.7","|Exp2A.3|Exp2A.4|Exp2A.5|Exp2A.2|Exp2A.1","|Exp3A.1|Exp3A.3|Exp3A.5|Exp3A.2|Exp3A.4|Exp3A.7|Exp3A.6","|Exp4A.1|Exp4A.3|Exp4A.4|Exp4A.2|Exp4A.7|Exp4A.6|Exp4A.5",2,"A",652,"adults",NA,NA
"30","30","deeper","deeper","deeper","No!","No!","to find out what objects she likes.",30,51,100,31,46,46,59,54,57,51,51,53,71,77,70,93,85,32,99,51,0,0,19,51,83,86,93,34,51,100,49,44,33,51,49,98,7,51,78,85,35,51,49,4,66,"Wendi's favorite gelato flavor is sea salt caramel",0,63,"female","|Exp1A.6|Exp1A.7|Exp1A.2|Exp1A.1|Exp1A.4|Exp1A.3|Exp1A.5","|Exp2A.3|Exp2A.2|Exp2A.5|Exp2A.4|Exp2A.1","|Exp3A.1|Exp3A.5|Exp3A.7|Exp3A.6|Exp3A.2|Exp3A.4|Exp3A.3","|Exp4A.7|Exp4A.5|Exp4A.1|Exp4A.4|Exp4A.6|Exp4A.3|Exp4A.2",2,"A",862,"adults",NA,NA
"31","31","deeper","deeper","deeper","No!","No!","I have to find the object which weendi likes.",72,52,0,69,71,32,69,75,31,32,52,0,27,31,73,0,0,32,100,52,100,72,73,51,33,31,32,73,52,0,72,31,72,73,51,100,27,51,29,82,70,57,76,17,0,"Wendi's favorite gelato flavor is sea salt caramel",0,29,"female","|Exp1B.2|Exp1B.6|Exp1B.4|Exp1B.7|Exp1B.5|Exp1B.1|Exp1B.3","|Exp2B.5|Exp2B.1|Exp2B.4|Exp2B.2|Exp2B.3","|Exp3B.1|Exp3B.4|Exp3B.5|Exp3B.7|Exp3B.2|Exp3B.3|Exp3B.6","|Exp4B.5|Exp4B.3|Exp4B.2|Exp4B.1|Exp4B.4|Exp4B.6|Exp4B.7",1,"B",850,"adults",NA,NA
"32","32","deeper","deeper","deeper","No!","No!","to help wendi jump across the cliffs",71,51,8,55,65,66,73,82,81,93,43,39,36,32,30,16,13,33,91,51,92,79,70,51,23,19,17,68,50,9,61,67,68,76,81,97,20,51,0,9,39,45,41,81,99,"Wendi's favorite gelato flavor is sea salt caramel",0,50,"male","|Exp1B.4|Exp1B.2|Exp1B.1|Exp1B.5|Exp1B.6|Exp1B.7|Exp1B.3","|Exp2B.3|Exp2B.2|Exp2B.5|Exp2B.1|Exp2B.4","|Exp3B.7|Exp3B.6|Exp3B.2|Exp3B.4|Exp3B.3|Exp3B.5|Exp3B.1","|Exp4B.1|Exp4B.3|Exp4B.6|Exp4B.2|Exp4B.5|Exp4B.7|Exp4B.4",1,"B",647,"adults",NA,NA
"33","33","deeper","deeper","deeper","No!","No!","To find out which objects she like and which cliffs she will jump",30,51,100,31,32,62,78,76,82,72,NA,72,71,89,95,100,100,31,100,51,0,0,6,51,100,100,90,30,51,100,40,31,30,31,19,100,22,51,95,72,36,21,22,1,6,"Wendi's favorite gelato flavor is sea salt caramel",0,69,"female","|Exp1A.3|Exp1A.7|Exp1A.4|Exp1A.2|Exp1A.6|Exp1A.1|Exp1A.5","|Exp2A.2|Exp2A.4|Exp2A.1|Exp2A.5|Exp2A.3","|Exp3A.3|Exp3A.4|Exp3A.6|Exp3A.1|Exp3A.5|Exp3A.7|Exp3A.2","|Exp4A.7|Exp4A.1|Exp4A.6|Exp4A.2|Exp4A.3|Exp4A.4|Exp4A.5",3,"A",895,"adults",NA,NA
"34","34","deeper","deeper","deeper","No!","No!","to figure out which objects wendy likes and which cliff she wants to jump over",28,51,95,30,37,56,51,66,72,64,83,71,63,64,94,90,100,31,93,51,7,32,22,51,82,87,84,30,51,93,28,66,30,28,25,100,24,51,15,24,29,52,69,78,97,"Wendi's favorite gelato flavor is sea salt caramel",0,31,"female","|Exp1A.5|Exp1A.4|Exp1A.3|Exp1A.2|Exp1A.6|Exp1A.1|Exp1A.7","|Exp2A.4|Exp2A.3|Exp2A.2|Exp2A.5|Exp2A.1","|Exp3A.5|Exp3A.6|Exp3A.4|Exp3A.7|Exp3A.3|Exp3A.2|Exp3A.1","|Exp4A.1|Exp4A.5|Exp4A.2|Exp4A.7|Exp4A.4|Exp4A.3|Exp4A.6",1,"A",915,"adults",NA,NA
"35","35","deeper","deeper","deeper","No!","No!","to guess what Wendi likes",71,52,6,85,74,73,68,64,35,75,12,35,32,32,34,20,31,30,100,51,75,71,73,52,51,21,25,72,51,2,65,72,72,68,73,100,6,52,16,19,13,51,76,93,82,"Wendi's favorite gelato flavor is sea salt caramel.",1,38,"male","|Exp1B.5|Exp1B.3|Exp1B.2|Exp1B.1|Exp1B.7|Exp1B.6|Exp1B.4","|Exp2B.5|Exp2B.4|Exp2B.3|Exp2B.2|Exp2B.1","|Exp3B.7|Exp3B.3|Exp3B.4|Exp3B.1|Exp3B.6|Exp3B.2|Exp3B.5","|Exp4B.2|Exp4B.6|Exp4B.5|Exp4B.7|Exp4B.1|Exp4B.4|Exp4B.3",1,"B",960,"adults",NA,NA
"36","36","deeper","deeper","deeper","No!","No!","to decide which cliff Wendy wants to jump",29,51,99,29,51,71,70,99,98,99,51,51,70,94,97,98,97,29,100,51,0,1,31,51,68,68,99,28,51,99,30,24,15,26,4,100,29,51,92,62,18,32,10,1,0,"Wendi's favorite gelato flavor is sea salt caramel",0,58,"male","|Exp1A.5|Exp1A.1|Exp1A.7|Exp1A.3|Exp1A.6|Exp1A.2|Exp1A.4","|Exp2A.3|Exp2A.1|Exp2A.5|Exp2A.2|Exp2A.4","|Exp3A.2|Exp3A.3|Exp3A.7|Exp3A.4|Exp3A.5|Exp3A.6|Exp3A.1","|Exp4A.7|Exp4A.4|Exp4A.2|Exp4A.1|Exp4A.3|Exp4A.5|Exp4A.6",3,"A",1037,"adults",NA,NA
"37","37","deeper","deeper","deeper","No!","No!","to see which things she likes",70,50,10,54,60,62,55,59,60,54,42,43,45,43,46,44,24,31,88,51,96,66,70,51,36,23,28,72,50,4,62,49,58,61,62,97,4,50,97,94,78,50,67,37,10,"Wedni's favorite gelato flavor is sea salt caramel",2,33,"male","|Exp1B.6|Exp1B.1|Exp1B.4|Exp1B.7|Exp1B.2|Exp1B.3|Exp1B.5","|Exp2B.2|Exp2B.5|Exp2B.4|Exp2B.1|Exp2B.3","|Exp3B.6|Exp3B.4|Exp3B.2|Exp3B.5|Exp3B.1|Exp3B.3|Exp3B.7","|Exp4B.1|Exp4B.2|Exp4B.7|Exp4B.4|Exp4B.6|Exp4B.3|Exp4B.5",2,"B",409,"adults",NA,NA
"38","38","deeper","deeper","deeper","No!","No!","Determine which objects Wendi likes enough to jump over cliffs to reach",31,51,100,25,34,45,64,97,92,91,73,70,82,73,92,95,97,29,100,50,17,28,33,68,70,71,68,29,51,99,45,33,39,32,30,100,32,51,81,71,53,50,34,18,0,"Wendi's favorite gelato flavor is sea salt caramel",0,47,"male","|Exp1A.4|Exp1A.1|Exp1A.7|Exp1A.5|Exp1A.6|Exp1A.2|Exp1A.3","|Exp2A.1|Exp2A.5|Exp2A.3|Exp2A.2|Exp2A.4","|Exp3A.6|Exp3A.1|Exp3A.3|Exp3A.5|Exp3A.7|Exp3A.2|Exp3A.4","|Exp4A.1|Exp4A.2|Exp4A.3|Exp4A.7|Exp4A.5|Exp4A.4|Exp4A.6",1,"A",418,"adults",NA,NA
"39","39","deeper","deeper","deeper","No!","No!","to find out which wendi cliff",71,51,0,100,72,100,71,72,100,75,29,29,29,31,28,51,28,31,100,51,69,51,32,51,100,68,0,72,51,0,70,30,51,51,51,100,22,51,100,80,65,51,23,20,0,"wendi's favourite gelato flavor is sea salt caramel",2,36,"male","|Exp1B.5|Exp1B.4|Exp1B.7|Exp1B.3|Exp1B.1|Exp1B.2|Exp1B.6","|Exp2B.4|Exp2B.1|Exp2B.5|Exp2B.3|Exp2B.2","|Exp3B.7|Exp3B.5|Exp3B.2|Exp3B.1|Exp3B.6|Exp3B.3|Exp3B.4","|Exp4B.1|Exp4B.2|Exp4B.7|Exp4B.3|Exp4B.6|Exp4B.4|Exp4B.5",2,"B",1032,"adults",NA,NA
"40","40","deeper","deeper","deeper","No!","No!","to see what she likes and how to get to them",71,50,9,90,51,30,21,10,19,9,29,35,26,18,7,19,10,30,90,51,83,82,69,52,31,28,17,70,50,9,72,65,67,61,64,94,21,51,0,5,7,51,41,79,81,"Wendi's favorite gelato flavor is sea salt caramel",0,38,"male","|Exp1B.5|Exp1B.7|Exp1B.1|Exp1B.2|Exp1B.4|Exp1B.6|Exp1B.3","|Exp2B.4|Exp2B.5|Exp2B.1|Exp2B.3|Exp2B.2","|Exp3B.3|Exp3B.1|Exp3B.6|Exp3B.2|Exp3B.4|Exp3B.5|Exp3B.7","|Exp4B.2|Exp4B.3|Exp4B.4|Exp4B.5|Exp4B.7|Exp4B.1|Exp4B.6",3,"B",967,"adults",NA,NA
"41","41","deeper","deeper","deeper","No!","No!","to pick what objects Wendy Likes",71,51,0,29,31,20,20,0,0,0,30,29,19,19,0,2,0,30,98,49,90,81,74,51,23,21,24,70,50,1,100,71,72,84,67,98,27,49,0,11,9,51,76,89,85,"Wendi's favorite gelato flavor is sea salt caramel",0,60,"male","|Exp1B.4|Exp1B.2|Exp1B.5|Exp1B.3|Exp1B.6|Exp1B.1|Exp1B.7","|Exp2B.3|Exp2B.2|Exp2B.4|Exp2B.5|Exp2B.1","|Exp3B.5|Exp3B.2|Exp3B.3|Exp3B.6|Exp3B.1|Exp3B.4|Exp3B.7","|Exp4B.6|Exp4B.7|Exp4B.1|Exp4B.3|Exp4B.2|Exp4B.4|Exp4B.5",3,"B",677,"adults",NA,NA
"42","42","deeper","deeper","deeper","No!","No!","To know what Wendi likes",30,51,100,0,0,0,40,44,28,43,70,75,63,71,100,98,100,33,100,51,0,0,0,51,100,70,71,31,51,100,46,31,37,17,22,100,24,51,79,66,67,51,36,34,22,"Wendi's favorite gelato flavor is sea salt caramel",0,48,"male","|Exp1A.6|Exp1A.1|Exp1A.2|Exp1A.5|Exp1A.3|Exp1A.4|Exp1A.7","|Exp2A.2|Exp2A.3|Exp2A.1|Exp2A.4|Exp2A.5","|Exp3A.1|Exp3A.4|Exp3A.6|Exp3A.7|Exp3A.2|Exp3A.3|Exp3A.5","|Exp4A.6|Exp4A.3|Exp4A.5|Exp4A.7|Exp4A.4|Exp4A.2|Exp4A.1",2,"A",1146,"adults",NA,NA
"43","43","deeper","deeper","deeper","No!","No!","to find out which cliffs wendy wants to jump and which items she likes",30,51,100,8,18,51,37,51,69,62,51,64,58,70,100,92,100,30,100,51,11,21,31,51,70,72,72,30,51,100,26,29,28,20,20,100,21,51,100,51,36,51,32,15,0,"Wendi's favorite gelato flavor is sea salt caramel",0,52,"male","|Exp1A.4|Exp1A.3|Exp1A.1|Exp1A.5|Exp1A.6|Exp1A.7|Exp1A.2","|Exp2A.1|Exp2A.4|Exp2A.2|Exp2A.5|Exp2A.3","|Exp3A.2|Exp3A.3|Exp3A.1|Exp3A.7|Exp3A.6|Exp3A.4|Exp3A.5|Exp3A.5","|Exp4A.6|Exp4A.1|Exp4A.7|Exp4A.5|Exp4A.4|Exp4A.2|Exp4A.3",1,"A",473,"adults",NA,NA
"44","44","deeper","deeper","deeper","No!","No!","To figure out which objects she likes",70,50,9,9,9,8,8,9,8,9,9,9,8,9,10,10,10,32,100,50,50,50,50,49,49,50,49,70,49,10,58,61,64,65,66,100,26,50,0,18,31,50,71,79,93,"Wendi's favorite gelato flavor is sea salt caramel",0,25,"female","|Exp1B.6|Exp1B.1|Exp1B.4|Exp1B.2|Exp1B.7|Exp1B.5|Exp1B.3","|Exp2B.3|Exp2B.4|Exp2B.2|Exp2B.1|Exp2B.5","|Exp3B.3|Exp3B.7|Exp3B.4|Exp3B.5|Exp3B.6|Exp3B.1|Exp3B.2","|Exp4B.4|Exp4B.1|Exp4B.7|Exp4B.6|Exp4B.3|Exp4B.5|Exp4B.2",3,"B",785,"adults",NA,NA
"45","45","deeper","deeper","deeper","No!","No!","To figure out which objects Wendi likes",70,50,10,50,51,29,28,9,9,8,21,30,8,4,1,0,0,31,100,50,100,89,75,51,13,14,28,70,51,9,65,70,69,66,61,94,21,50,0,23,1,50,66,81,100,"Wendi's favorite gelato flavor is sea salt caramel",0,38,"female","|Exp1B.1|Exp1B.2|Exp1B.3|Exp1B.7|Exp1B.4|Exp1B.6|Exp1B.5","|Exp2B.2|Exp2B.3|Exp2B.4|Exp2B.1|Exp2B.5","|Exp3B.7|Exp3B.6|Exp3B.3|Exp3B.1|Exp3B.2|Exp3B.5|Exp3B.4","|Exp4B.4|Exp4B.1|Exp4B.3|Exp4B.5|Exp4B.2|Exp4B.7|Exp4B.6",2,"B",1357,"adults",NA,NA
"46","46","deeper","deeper","deeper","No!","No!","To figure out which objects Wendy likes, and will jump for.",68,48,0,77,64,44,30,38,24,27,50,47,27,12,19,5,0,33,100,49,100,76,88,48,35,33,25,69,51,0,73,68,72,70,69,100,20,50,0,13,30,49,68,82,100,"Wendi's favorite gelato flavor is sea salt caramel",0,33,"male","|Exp1B.3|Exp1B.4|Exp1B.1|Exp1B.7|Exp1B.5|Exp1B.2|Exp1B.6","|Exp2B.4|Exp2B.3|Exp2B.5|Exp2B.2|Exp2B.1","|Exp3B.2|Exp3B.1|Exp3B.6|Exp3B.3|Exp3B.4|Exp3B.7|Exp3B.5","|Exp4B.3|Exp4B.6|Exp4B.4|Exp4B.2|Exp4B.7|Exp4B.1|Exp4B.5",2,"B",1430,"adults",NA,NA
"47","47","deeper","deeper","deeper","No!","No!","choose which cliff and which object will be chosen",29,51,91,32,83,30,30,28,13,29,94,93,82,71,92,95,79,32,94,53,30,15,91,70,54,50,31,30,51,96,96,71,93,83,72,96,11,53,36,72,38,64,53,53,32,"Wendi's favorite gelato flavor is sea salt caramel",0,50,"female","|Exp1A.1|Exp1A.6|Exp1A.4|Exp1A.7|Exp1A.3|Exp1A.2|Exp1A.5","|Exp2A.2|Exp2A.5|Exp2A.1|Exp2A.3|Exp2A.4","|Exp3A.6|Exp3A.7|Exp3A.3|Exp3A.1|Exp3A.5|Exp3A.2|Exp3A.4","|Exp4A.1|Exp4A.3|Exp4A.4|Exp4A.5|Exp4A.2|Exp4A.6|Exp4A.7",2,"A",1152,"adults",NA,NA
"48","48","deeper","deeper","deeper","No!","No!","To see what cliffs Wendi will jump and what items she likes.",71,50,0,91,71,60,39,10,3,0,61,56,50,22,10,0,0,32,100,50,100,85,75,50,27,14,13,71,50,0,56,30,71,81,81,100,7,51,0,10,37,36,65,68,94,"Wendi's favorite gelato flavor is sea salt caramel",0,64,"female","|Exp1B.6|Exp1B.7|Exp1B.1|Exp1B.2|Exp1B.5|Exp1B.3|Exp1B.4","|Exp2B.3|Exp2B.5|Exp2B.1|Exp2B.4|Exp2B.2","|Exp3B.4|Exp3B.7|Exp3B.6|Exp3B.2|Exp3B.5|Exp3B.1|Exp3B.3","|Exp4B.5|Exp4B.6|Exp4B.7|Exp4B.4|Exp4B.1|Exp4B.2|Exp4B.3",2,"B",801,"adults",NA,NA
"49","49","deeper","deeper","deeper","No!","No!","to find out which cliff wendi has to jump and what shape of object she likes",29,49,100,0,28,28,26,41,18,43,100,90,90,90,89,100,100,30,100,49,0,0,0,50,100,100,100,28,51,100,59,66,29,37,19,100,22,51,100,81,35,51,24,0,0,"Wendi's favorite gelato flavor is sea salt caramel",0,51,"female","|Exp1A.6|Exp1A.4|Exp1A.5|Exp1A.3|Exp1A.1|Exp1A.2|Exp1A.7","|Exp2A.3|Exp2A.4|Exp2A.1|Exp2A.5|Exp2A.2","|Exp3A.4|Exp3A.3|Exp3A.7|Exp3A.2|Exp3A.1|Exp3A.6|Exp3A.5","|Exp4A.2|Exp4A.3|Exp4A.7|Exp4A.5|Exp4A.4|Exp4A.6|Exp4A.1",3,"A",726,"adults",NA,NA
"50","50","deeper","deeper","deeper","No!","No!","To figure out which items Wendi likes and which cliffs she will jump.",29,50,96,29,47,50,56,72,72,81,60,74,83,85,92,93,98,31,98,49,0,3,7,49,88,90,99,29,49,96,42,37,28,24,18,99,21,50,98,80,55,27,3,5,0,"Wendi's favorite gelato flavor is sea salt caramel",0,34,"female","|Exp1A.6|Exp1A.1|Exp1A.5|Exp1A.7|Exp1A.4|Exp1A.2|Exp1A.3","|Exp2A.1|Exp2A.4|Exp2A.2|Exp2A.5|Exp2A.3","|Exp3A.5|Exp3A.4|Exp3A.1|Exp3A.7|Exp3A.6|Exp3A.3|Exp3A.2","|Exp4A.5|Exp4A.1|Exp4A.3|Exp4A.7|Exp4A.2|Exp4A.4|Exp4A.6",3,"A",604,"adults",NA,NA
"51","51","deeper","deeper","deeper","No!","No!","To find out which objects Wendy likes and which cliffs she will jump over.",70,51,0,70,66,NA,53,41,28,31,34,31,19,25,13,10,16,32,99,51,79,75,67,51,33,32,37,70,51,8,64,71,64,70,72,95,32,51,0,22,21,51,65,79,100,"Wendi's favorite gelato flavor is sea salt caramel",0,41,"female","|Exp1B.2|Exp1B.4|Exp1B.1|Exp1B.7|Exp1B.6|Exp1B.5|Exp1B.3","|Exp2B.3|Exp2B.4|Exp2B.5|Exp2B.2|Exp2B.1","|Exp3B.3|Exp3B.6|Exp3B.4|Exp3B.7|Exp3B.5|Exp3B.2|Exp3B.1","|Exp4B.5|Exp4B.3|Exp4B.1|Exp4B.2|Exp4B.6|Exp4B.7|Exp4B.4",3,"B",688,"adults",NA,NA
"52","52","deeper","deeper","deeper","No!","No!","To judge which things wendi likes and which cliffs she will jump over",72,51,0,57,77,78,74,73,61,69,17,17,25,24,35,21,23,32,100,50,79,86,80,50,51,28,24,73,50,0,63,73,72,71,73,100,23,49,0,6,29,23,72,80,95,"Wendi's favorite gelato flavor is sea salt caramel.",1,38,"male","|Exp1B.4|Exp1B.1|Exp1B.5|Exp1B.6|Exp1B.2|Exp1B.7|Exp1B.3","|Exp2B.4|Exp2B.3|Exp2B.5|Exp2B.2|Exp2B.1","|Exp3B.7|Exp3B.5|Exp3B.3|Exp3B.4|Exp3B.1|Exp3B.2|Exp3B.6","|Exp4B.6|Exp4B.5|Exp4B.2|Exp4B.3|Exp4B.7|Exp4B.1|Exp4B.4",1,"B",549,"adults",NA,NA
"53","53","deeper","deeper","deeper","No!","No!","Will wendi jump or not.",29,51,100,0,39,33,42,66,51,100,55,57,69,72,100,78,100,32,100,51,0,0,3,51,100,100,100,30,51,100,40,37,30,58,33,100,31,51,100,0,66,51,18,100,0,"Wendi's favorite gelato flavor is sea salt caramel",0,38,"male","|Exp1A.1|Exp1A.7|Exp1A.2|Exp1A.3|Exp1A.6|Exp1A.5|Exp1A.4","|Exp2A.1|Exp2A.5|Exp2A.3|Exp2A.2|Exp2A.4","|Exp3A.7|Exp3A.1|Exp3A.3|Exp3A.4|Exp3A.6|Exp3A.5|Exp3A.2","|Exp4A.5|Exp4A.1|Exp4A.3|Exp4A.6|Exp4A.2|Exp4A.4|Exp4A.7",2,"A",1250,"adults",NA,NA
"54","54","deeper","deeper","deeper","No!","No!","To figure out which things she likes and which cliffs she will jump.",30,50,100,42,41,51,51,58,51,51,100,76,88,82,96,89,95,32,100,49,9,5,23,73,75,71,90,30,51,100,28,33,28,37,27,100,23,51,96,73,58,38,5,5,0,"Wendi's favorite gelato flavor is sea salt caramel.",1,41,"female","|Exp1A.6|Exp1A.4|Exp1A.5|Exp1A.7|Exp1A.1|Exp1A.3|Exp1A.2","|Exp2A.4|Exp2A.1|Exp2A.3|Exp2A.5|Exp2A.2","|Exp3A.5|Exp3A.3|Exp3A.7|Exp3A.6|Exp3A.4|Exp3A.2|Exp3A.1","|Exp4A.1|Exp4A.5|Exp4A.2|Exp4A.7|Exp4A.3|Exp4A.6|Exp4A.4",2,"A",561,"adults",NA,NA
"55","55","deeper","deeper","deeper","No!","No!","to determine what wendi wants to jump over and determine which objects she likes",74,51,2,39,50,73,48,43,51,48,4,1,32,19,10,30,45,30,99,51,100,100,75,51,26,28,30,71,51,0,61,69,74,73,88,100,26,51,0,0,22,51,59,59,100,"Wendi's favorite gelato flavor is sea salt caramel",0,34,"female","|Exp1B.7|Exp1B.6|Exp1B.5|Exp1B.3|Exp1B.1|Exp1B.4|Exp1B.2","|Exp2B.2|Exp2B.4|Exp2B.3|Exp2B.1|Exp2B.5","|Exp3B.6|Exp3B.3|Exp3B.4|Exp3B.1|Exp3B.5|Exp3B.2|Exp3B.7","|Exp4B.4|Exp4B.3|Exp4B.2|Exp4B.7|Exp4B.1|Exp4B.6|Exp4B.5",1,"B",413,"adults",NA,NA
"56","56","deeper","deeper","deeper","No!","No!","To find out what she likes and which cliffs she wil ljump over.",30,50,100,50,50,45,32,27,17,10,50,71,57,85,65,88,40,31,100,49,5,17,31,69,69,77,75,27,50,100,49,31,39,31,17,100,2,50,90,76,67,53,54,14,0,"Wendi's favorite gelato flavor is sea salt caramel",0,32,"male","|Exp1A.3|Exp1A.6|Exp1A.2|Exp1A.1|Exp1A.7|Exp1A.5|Exp1A.4","|Exp2A.4|Exp2A.1|Exp2A.2|Exp2A.5|Exp2A.3","|Exp3A.6|Exp3A.7|Exp3A.5|Exp3A.2|Exp3A.3|Exp3A.4|Exp3A.1","|Exp4A.2|Exp4A.4|Exp4A.3|Exp4A.1|Exp4A.6|Exp4A.5|Exp4A.7",3,"A",497,"adults",NA,NA
"57","57","deeper","deeper","deeper","No!","No!","to figure out what Wendy likes and which cliffs she will jump to get what she likes",71,50,0,85,70,60,65,50,29,0,38,30,42,20,16,7,0,32,100,50,100,100,78,50,41,32,30,70,50,0,59,65,71,70,70,100,24,50,0,1,0,30,43,79,87,"Wendi's favorite gelato flavor is sea salt caramel",0,27,"male","|Exp1B.2|Exp1B.3|Exp1B.5|Exp1B.1|Exp1B.6|Exp1B.4|Exp1B.7","|Exp2B.4|Exp2B.5|Exp2B.2|Exp2B.3|Exp2B.1","|Exp3B.3|Exp3B.1|Exp3B.2|Exp3B.5|Exp3B.4|Exp3B.6|Exp3B.7","|Exp4B.2|Exp4B.1|Exp4B.4|Exp4B.6|Exp4B.5|Exp4B.7|Exp4B.3",2,"B",2456,"adults",NA,NA
"58","58","deeper","deeper","deeper","No!","No!","To find out which cliffs she prefer to jump and which objects she likes most.",71,50,10,79,79,65,71,63,65,59,40,33,30,36,17,10,10,33,100,51,100,77,80,51,39,18,10,71,51,10,70,71,78,75,84,96,21,51,0,3,9,23,65,80,94,"Wendi's favorite gelato flavor is sea salt caramel",0,33,"female","|Exp1B.1|Exp1B.6|Exp1B.5|Exp1B.4|Exp1B.7|Exp1B.2|Exp1B.3","|Exp2B.1|Exp2B.3|Exp2B.2|Exp2B.5|Exp2B.4","|Exp3B.3|Exp3B.2|Exp3B.7|Exp3B.1|Exp3B.4|Exp3B.5|Exp3B.6","|Exp4B.6|Exp4B.4|Exp4B.1|Exp4B.7|Exp4B.2|Exp4B.3|Exp4B.5",2,"B",854,"adults",NA,NA
"59","59","deeper","deeper","deeper","No!","No!","To figure out what cliff and object Wendy likes.",30,51,92,7,9,29,69,51,71,72,51,71,51,91,71,93,92,31,90,51,12,31,12,51,71,70,89,29,51,91,31,30,29,30,14,97,25,51,79,66,36,51,51,22,8,"Wendi's favorite gelato flavor is sea salt caramel",0,43,"female","|Exp1A.5|Exp1A.1|Exp1A.2|Exp1A.7|Exp1A.3|Exp1A.4|Exp1A.6","|Exp2A.2|Exp2A.1|Exp2A.5|Exp2A.4|Exp2A.3","|Exp3A.5|Exp3A.1|Exp3A.2|Exp3A.6|Exp3A.4|Exp3A.7|Exp3A.3","|Exp4A.2|Exp4A.1|Exp4A.7|Exp4A.6|Exp4A.3|Exp4A.5|Exp4A.4",1,"A",1288,"adults",NA,NA
"60","60","deeper","deeper","deeper","No!","No!","figure out what wendi likes and what cliffs she jumps",30,50,100,51,56,61,62,63,70,79,59,85,80,88,82,91,100,32,100,51,0,0,27,51,72,75,100,30,51,100,35,30,30,29,21,100,29,51,100,76,67,44,0,0,0,"Wendi's favorite gelato flavor is sea salt camarel",2,30,"male","|Exp1A.7|Exp1A.2|Exp1A.5|Exp1A.3|Exp1A.6|Exp1A.4|Exp1A.1","|Exp2A.2|Exp2A.3|Exp2A.4|Exp2A.1|Exp2A.5","|Exp3A.6|Exp3A.1|Exp3A.7|Exp3A.3|Exp3A.4|Exp3A.5|Exp3A.2","|Exp4A.2|Exp4A.3|Exp4A.4|Exp4A.7|Exp4A.1|Exp4A.6|Exp4A.5",2,"A",653,"adults",NA,NA
"61","61","deeper","deeper","deeper","No!","No!","My job is to know what Wendy likes and what Wendy would jump over",31,51,94,11,36,65,81,76,86,96,58,51,98,98,99,100,100,31,100,51,3,4,2,52,99,100,100,30,51,100,51,62,32,65,41,100,20,51,65,25,33,34,34,78,76,"Wendi's favorite gelato flavor is sea salt caramel",0,25,"female","|Exp1A.2|Exp1A.4|Exp1A.3|Exp1A.5|Exp1A.1|Exp1A.7|Exp1A.6","|Exp2A.1|Exp2A.4|Exp2A.2|Exp2A.5|Exp2A.3","|Exp3A.1|Exp3A.5|Exp3A.3|Exp3A.7|Exp3A.4|Exp3A.6|Exp3A.2","|Exp4A.3|Exp4A.5|Exp4A.1|Exp4A.4|Exp4A.2|Exp4A.7|Exp4A.6",2,"A",1086,"adults",NA,NA
"62","62","deeper","deeper","deeper","No!","No!","To find which cliffs wendi wants to jump and which objects she likes",30,50,91,30,44,59,70,76,85,91,29,45,59,70,76,85,91,30,87,50,0,10,10,66,87,86,87,29,50,91,44,44,39,44,19,94,11,50,93,79,35,20,34,19,0,"Wendi's favorite gelato flavor is sea salt caramel",0,29,"male","|Exp1A.4|Exp1A.5|Exp1A.6|Exp1A.2|Exp1A.1|Exp1A.7|Exp1A.3","|Exp2A.3|Exp2A.5|Exp2A.2|Exp2A.4|Exp2A.1","|Exp3A.4|Exp3A.2|Exp3A.6|Exp3A.7|Exp3A.5|Exp3A.1|Exp3A.3","|Exp4A.4|Exp4A.6|Exp4A.7|Exp4A.3|Exp4A.5|Exp4A.2|Exp4A.1",3,"A",408,"adults",NA,NA
"63","63","deeper","deeper","deeper","No!","No!","watch videos and answer questions about what Wendy likes and what cliffs she will jump",30,50,100,31,31,63,71,91,92,85,50,62,79,81,92,95,100,32,100,51,11,31,26,47,71,69,79,29,50,100,44,32,28,20,21,100,27,51,80,72,51,35,22,19,0,"Wendi's favorite gelato flavor is sea salt caramel",0,40,"male","|Exp1A.2|Exp1A.5|Exp1A.1|Exp1A.6|Exp1A.7|Exp1A.3|Exp1A.4","|Exp2A.2|Exp2A.5|Exp2A.3|Exp2A.1|Exp2A.4","|Exp3A.7|Exp3A.4|Exp3A.5|Exp3A.3|Exp3A.6|Exp3A.2|Exp3A.1","|Exp4A.3|Exp4A.2|Exp4A.7|Exp4A.4|Exp4A.5|Exp4A.1|Exp4A.6",1,"A",507,"adults",NA,NA
"64","64","deeper","deeper","deeper","No!","No!","figure out which objects wendi likes by seeing which cliffs she jumps over",71,50,0,41,45,41,34,34,24,19,37,32,31,17,17,0,0,32,100,50,75,70,75,50,33,30,31,71,50,0,61,71,71,67,76,100,0,50,0,1,14,20,36,72,89,"Wendi's favorite gelato flavor is sea salt caramel",0,37,"male","|Exp1B.5|Exp1B.7|Exp1B.3|Exp1B.1|Exp1B.4|Exp1B.6|Exp1B.2","|Exp2B.2|Exp2B.3|Exp2B.5|Exp2B.4|Exp2B.1","|Exp3B.1|Exp3B.2|Exp3B.7|Exp3B.6|Exp3B.3|Exp3B.5|Exp3B.4","|Exp4B.7|Exp4B.4|Exp4B.6|Exp4B.5|Exp4B.3|Exp4B.2|Exp4B.1",1,"B",546,"adults",NA,NA
"65","65","deeper","deeper","deeper","No!","No!","Figure out which objects Wendi likes and which cliffs she will jump",71,51,9,20,24,48,41,71,63,83,9,43,41,32,56,51,71,32,91,51,12,16,24,51,72,88,70,71,51,8,38,39,61,37,69,96,23,51,1,9,27,52,75,78,89,"Wendi's favorite gelato flavor is sea salt caramel",0,31,"male","|Exp1B.4|Exp1B.2|Exp1B.6|Exp1B.7|Exp1B.5|Exp1B.1|Exp1B.3","|Exp2B.3|Exp2B.5|Exp2B.1|Exp2B.2|Exp2B.4","|Exp3B.1|Exp3B.3|Exp3B.2|Exp3B.7|Exp3B.6|Exp3B.5|Exp3B.4","|Exp4B.6|Exp4B.4|Exp4B.2|Exp4B.5|Exp4B.3|Exp4B.7|Exp4B.1",3,"B",597,"adults",NA,NA
"66","66","deeper","deeper","deeper","No!","No!","to see what cliffs and objects wendi likes",71,51,6,84,91,94,72,65,67,55,51,19,57,8,32,9,4,31,97,51,99,88,68,51,27,33,12,71,51,2,69,56,81,70,58,94,30,51,1,15,22,59,51,70,94,"Wendi's favorite gelato flavor is sea salt caramel",0,48,"female","|Exp1B.2|Exp1B.5|Exp1B.7|Exp1B.3|Exp1B.1|Exp1B.4|Exp1B.6","|Exp2B.1|Exp2B.4|Exp2B.3|Exp2B.5|Exp2B.2","|Exp3B.6|Exp3B.2|Exp3B.5|Exp3B.3|Exp3B.7|Exp3B.4|Exp3B.1","|Exp4B.2|Exp4B.1|Exp4B.4|Exp4B.7|Exp4B.6|Exp4B.5|Exp4B.3",2,"B",451,"adults",NA,NA
"67","67","deeper","deeper","deeper","No!","No!","figure out which objects Wendy likes",72,51,0,86,71,59,51,51,28,6,70,55,51,43,30,13,1,32,100,50,100,96,96,50,6,0,1,72,51,0,32,51,51,62,72,100,23,51,0,18,24,51,72,81,80,"Wendi's favorite gelato flavor is sea salt caramel",0,36,"male","|Exp1B.2|Exp1B.4|Exp1B.5|Exp1B.7|Exp1B.3|Exp1B.1|Exp1B.6","|Exp2B.5|Exp2B.2|Exp2B.4|Exp2B.3|Exp2B.1","|Exp3B.7|Exp3B.3|Exp3B.6|Exp3B.2|Exp3B.1|Exp3B.5|Exp3B.4","|Exp4B.5|Exp4B.2|Exp4B.6|Exp4B.3|Exp4B.1|Exp4B.7|Exp4B.4",2,"B",473,"adults",NA,NA
"68","68","deeper","deeper","deeper","No!","No!"," figure out what Wendi likes and what cliffs she will jump over",31,51,100,36,33,40,57,58,72,62,53,43,59,62,85,94,94,31,100,51,26,20,24,56,78,78,84,31,51,100,71,51,65,43,57,100,26,51,92,72,57,44,38,8,11,"Wendi's favorite gelato flavor is sea salt caramel ",1,32,"male","|Exp1A.3|Exp1A.1|Exp1A.7|Exp1A.5|Exp1A.6|Exp1A.4|Exp1A.2","|Exp2A.4|Exp2A.2|Exp2A.1|Exp2A.3|Exp2A.5","|Exp3A.6|Exp3A.3|Exp3A.1|Exp3A.5|Exp3A.2|Exp3A.7|Exp3A.4","|Exp4A.1|Exp4A.5|Exp4A.6|Exp4A.7|Exp4A.3|Exp4A.4|Exp4A.2",1,"A",455,"adults",NA,NA
"69","69","deeper","deeper","deeper","No!","No!","To help Wendy get over the cliffs.",30,51,94,30,23,30,33,51,51,29,93,93,91,92,94,92,92,32,94,51,12,9,32,36,90,51,93,26,51,95,29,19,27,28,8,100,17,51,37,66,32,29,14,11,3,"Wendi's favorite gelato flavor is sea salt caramel.",1,58,"female","|Exp1A.4|Exp1A.6|Exp1A.1|Exp1A.7|Exp1A.5|Exp1A.3|Exp1A.2","|Exp2A.1|Exp2A.4|Exp2A.2|Exp2A.3|Exp2A.5","|Exp3A.1|Exp3A.2|Exp3A.6|Exp3A.3|Exp3A.5|Exp3A.7|Exp3A.4","|Exp4A.7|Exp4A.2|Exp4A.3|Exp4A.1|Exp4A.6|Exp4A.5|Exp4A.4",3,"A",743,"adults",NA,NA
"70","70","deeper","deeper","deeper","No!","No!","to figure out which objects wendy likes by learning which cliffs she will jump over to reach the objects",71,51,0,87,68,86,58,80,40,40,24,30,18,0,20,0,0,31,100,49,51,51,50,51,51,51,51,71,51,0,71,70,71,71,71,100,5,50,0,5,21,36,7,65,100,"Wendi's favorite gelato flavor is sea salt caramel",0,29,"female","|Exp1B.3|Exp1B.7|Exp1B.5|Exp1B.4|Exp1B.1|Exp1B.6|Exp1B.2","|Exp2B.2|Exp2B.1|Exp2B.4|Exp2B.3|Exp2B.5","|Exp3B.5|Exp3B.6|Exp3B.1|Exp3B.2|Exp3B.3|Exp3B.4|Exp3B.7","|Exp4B.3|Exp4B.5|Exp4B.1|Exp4B.4|Exp4B.7|Exp4B.2|Exp4B.6",1,"B",383,"adults",NA,NA
"71","71","deeper","deeper","deeper","No!","No!","help jump",32,52,100,37,31,73,35,72,72,26,9,7,8,19,51,30,31,30,94,52,91,91,100,73,33,29,51,31,51,93,10,29,28,7,9,94,29,52,0,20,31,51,70,82,98,"Wendi's favorite gelato flavor is sea salt caramel",0,45,"male","|Exp1A.5|Exp1A.2|Exp1A.7|Exp1A.4|Exp1A.1|Exp1A.6|Exp1A.3","|Exp2A.4|Exp2A.3|Exp2A.5|Exp2A.2|Exp2A.1","|Exp3A.6|Exp3A.5|Exp3A.4|Exp3A.7|Exp3A.1|Exp3A.3|Exp3A.2","|Exp4A.3|Exp4A.1|Exp4A.6|Exp4A.4|Exp4A.2|Exp4A.5|Exp4A.7",2,"A",2795,"adults",NA,NA
"72","72","deeper","deeper","deeper","No!","No!","to determine what objects she likes and which cliffs she will jump",72,51,5,51,51,51,51,51,51,51,46,31,31,23,19,18,4,33,90,51,78,79,79,51,21,19,16,72,51,6,61,72,72,73,84,96,16,51,1,7,20,54,65,79,97,"Wendi's favorite gelato flavor is sea salt caramel",0,60,"female","|Exp1B.7|Exp1B.6|Exp1B.5|Exp1B.2|Exp1B.5|Exp1B.2|Exp1B.3|Exp1B.1|Exp1B.4","|Exp2B.4|Exp2B.3|Exp2B.5|Exp2B.1|Exp2B.2","|Exp3B.2|Exp3B.6|Exp3B.5|Exp3B.1|Exp3B.4|Exp3B.7|Exp3B.3","|Exp4B.7|Exp4B.2|Exp4B.6|Exp4B.1|Exp4B.5|Exp4B.4|Exp4B.3",3,"B",617,"adults",NA,NA
"73","73","deeper","deeper","deeper","No!","No!","Figure out which objects Wendi likes so that she can jump cliffs to retrieve the objects",30,50,92,29,30,41,51,58,71,72,51,71,43,51,66,94,82,33,90,50,7,34,32,51,67,73,81,30,51,92,29,30,31,29,30,94,23,51,91,76,35,51,24,14,13,"Wendi's favorite gelato flavor is sea salt caramel. ",2,30,"male","|Exp1A.6|Exp1A.4|Exp1A.3|Exp1A.2|Exp1A.5|Exp1A.1|Exp1A.7","|Exp2A.1|Exp2A.4|Exp2A.5|Exp2A.3|Exp2A.2","|Exp3A.3|Exp3A.7|Exp3A.1|Exp3A.4|Exp3A.5|Exp3A.6|Exp3A.2","|Exp4A.2|Exp4A.6|Exp4A.1|Exp4A.7|Exp4A.4|Exp4A.3|Exp4A.5",3,"A",2389,"adults",NA,NA
"74","74","deeper","deeper","deeper","No!","No!","To determine which things Wendi likes and which cliffs she'll jump",29,51,92,29,30,29,29,30,28,30,91,91,92,92,92,92,91,31,91,51,31,31,31,51,69,67,69,29,51,93,31,50,30,28,31,94,20,51,94,95,51,51,21,15,0,"Wendi's favorite gelato flavor is sea salt caramel",0,49,"female","|Exp1A.2|Exp1A.5|Exp1A.1|Exp1A.4|Exp1A.7|Exp1A.6|Exp1A.3","|Exp2A.2|Exp2A.5|Exp2A.3|Exp2A.1|Exp2A.4","|Exp3A.5|Exp3A.7|Exp3A.4|Exp3A.6|Exp3A.2|Exp3A.6|Exp3A.4|Exp3A.7|Exp3A.5|Exp3A.7|Exp3A.4|Exp3A.6|Exp3A.2|Exp3A.1|Exp3A.3","|Exp4A.1|Exp4A.6|Exp4A.5|Exp4A.7|Exp4A.3|Exp4A.4|Exp4A.2",2,"A",639,"adults",NA,NA
"75","75","deeper","deeper","deeper","No!","No!","Find out what she likes and which cliff shes going to jump ",30,51,94,31,31,65,72,81,63,78,32,35,93,75,97,81,98,31,100,51,5,10,38,18,69,51,51,30,51,92,51,42,51,59,57,100,0,51,25,24,39,51,64,78,100,"Wendi's favorite gelato flavor is sea salt caramel ",1,23,"male","|Exp1A.7|Exp1A.6|Exp1A.3|Exp1A.4|Exp1A.2|Exp1A.1|Exp1A.5","|Exp2A.1|Exp2A.3|Exp2A.2|Exp2A.4|Exp2A.5","|Exp3A.1|Exp3A.7|Exp3A.4|Exp3A.6|Exp3A.3|Exp3A.5|Exp3A.2","|Exp4A.1|Exp4A.5|Exp4A.6|Exp4A.3|Exp4A.7|Exp4A.4|Exp4A.2",3,"A",377,"adults",NA,NA
"76","76","deeper","deeper","deeper","No!","No!","To figure which objects Wendi will jump over cliffs to get",30,50,100,25,37,42,45,58,56,78,51,60,68,68,78,82,95,30,100,51,20,27,33,50,66,74,76,29,51,100,45,33,34,24,24,100,21,51,90,65,43,39,12,15,2,"Wendi's favorite gelato flavor is sea salt caramel",0,58,"male","|Exp1A.2|Exp1A.6|Exp1A.7|Exp1A.1|Exp1A.3|Exp1A.4|Exp1A.5","|Exp2A.3|Exp2A.2|Exp2A.1|Exp2A.4|Exp2A.5","|Exp3A.2|Exp3A.5|Exp3A.4|Exp3A.3|Exp3A.7|Exp3A.1|Exp3A.6","|Exp4A.3|Exp4A.6|Exp4A.5|Exp4A.7|Exp4A.1|Exp4A.4|Exp4A.2",1,"A",757,"adults",NA,NA
"77","77","deeper","deeper","deeper","No!","No!","Figure out which objects she likes and which cliffs she will jump. ",71,50,7,87,79,56,50,51,30,30,41,46,29,27,28,7,2,32,95,50,93,72,68,50,35,24,24,71,51,9,63,66,71,77,84,96,31,51,6,18,21,27,53,68,96,"Wendi's favorite gelato flavor is sea salt caramel ",1,32,"female","|Exp1B.4|Exp1B.6|Exp1B.3|Exp1B.1|Exp1B.5|Exp1B.2|Exp1B.7","|Exp2B.3|Exp2B.1|Exp2B.4|Exp2B.2|Exp2B.5","|Exp3B.3|Exp3B.6|Exp3B.4|Exp3B.2|Exp3B.5|Exp3B.1|Exp3B.7","|Exp4B.1|Exp4B.3|Exp4B.6|Exp4B.7|Exp4B.4|Exp4B.5|Exp4B.2",2,"B",625,"adults",NA,NA
"78","78","deeper","deeper","deeper","No!","No!","To figure out what Wendi likes and what cliffs she will jump over",29,50,100,6,22,32,39,62,91,100,64,65,68,70,89,100,100,32,100,51,0,0,0,51,71,82,100,30,50,100,42,30,27,9,1,100,24,51,80,78,65,51,52,23,6,"Wendi's favorite gelato flavor is sea salt caramel",0,41,"female","|Exp1A.7|Exp1A.3|Exp1A.4|Exp1A.1|Exp1A.5|Exp1A.2|Exp1A.6","|Exp2A.1|Exp2A.4|Exp2A.3|Exp2A.5|Exp2A.2","|Exp3A.7|Exp3A.6|Exp3A.2|Exp3A.5|Exp3A.1|Exp3A.3|Exp3A.4","|Exp4A.4|Exp4A.2|Exp4A.5|Exp4A.7|Exp4A.6|Exp4A.1|Exp4A.3",1,"A",493,"adults",NA,NA
"79","79","deeper","deeper","deeper","No!","No!","To determine if Wendi will jump cliffs for the items",70,50,3,62,63,61,51,56,45,45,44,36,46,33,24,28,9,31,95,50,97,80,76,51,47,27,16,71,50,0,66,59,77,76,72,97,8,50,4,29,7,37,61,84,96,"Wendi's favorite gelato flavor is sea salt caramel",0,38,"male","|Exp1B.3|Exp1B.6|Exp1B.2|Exp1B.7|Exp1B.1|Exp1B.4|Exp1B.5","|Exp2B.5|Exp2B.2|Exp2B.1|Exp2B.4|Exp2B.3","|Exp3B.3|Exp3B.1|Exp3B.4|Exp3B.5|Exp3B.6|Exp3B.7|Exp3B.2","|Exp4B.1|Exp4B.5|Exp4B.7|Exp4B.3|Exp4B.6|Exp4B.4|Exp4B.2",2,"B",1190,"adults",NA,NA
"80","80","deeper","deeper","deeper","No!","No!","To find out what Wendi likes and what cliffs she will jump over.",70,51,0,50,40,38,30,30,25,29,29,30,16,9,5,0,0,30,100,51,100,100,91,51,15,17,0,71,51,0,70,71,76,81,86,100,22,51,6,15,21,37,51,65,79,"Wendi's favorite gelato flavor is sea salt caramel.",1,59,"male","|Exp1B.1|Exp1B.6|Exp1B.1|Exp1B.6|Exp1B.3|Exp1B.4|Exp1B.5|Exp1B.2|Exp1B.7","|Exp2B.2|Exp2B.1|Exp2B.5|Exp2B.4|Exp2B.3","|Exp3B.1|Exp3B.5|Exp3B.4|Exp3B.3|Exp3B.7|Exp3B.6|Exp3B.2","|Exp4B.1|Exp4B.7|Exp4B.3|Exp4B.6|Exp4B.2|Exp4B.4|Exp4B.5",3,"B",606,"adults",NA,NA
"81","81","deeper","deeper","deeper","No!","No!","To determine which object Wendi like",73,49,5,73,74,65,32,8,30,0,30,29,54,5,2,8,1,32,90,50,100,76,72,50,34,32,10,71,51,6,69,68,80,80,91,94,22,51,98,80,61,46,24,13,3,"Wendi's favorite gelato flavor is sea salt caramel",0,25,"male","|Exp1B.5|Exp1B.7|Exp1B.1|Exp1B.6|Exp1B.2|Exp1B.3|Exp1B.4","|Exp2B.2|Exp2B.1|Exp2B.3|Exp2B.5|Exp2B.4","|Exp3B.5|Exp3B.2|Exp3B.7|Exp3B.1|Exp3B.4|Exp3B.3|Exp3B.6","|Exp4B.1|Exp4B.4|Exp4B.6|Exp4B.2|Exp4B.3|Exp4B.5|Exp4B.7",1,"B",14493,"adults",NA,NA
"82","82","deeper","deeper","deeper","No!","No!","To determine which cliff Wendi want to jump and which object he likes.",31,49,95,4,35,69,39,93,74,93,29,68,73,77,94,99,97,32,100,48,12,29,29,51,67,74,73,30,50,94,33,51,52,15,48,95,22,48,1,27,31,44,76,82,93,"Wendi's favorite gelato flavor is sea salt caramel",0,27,"male","|Exp1A.7|Exp1A.2|Exp1A.5|Exp1A.6|Exp1A.4|Exp1A.1|Exp1A.3","|Exp2A.2|Exp2A.5|Exp2A.3|Exp2A.1|Exp2A.4","|Exp3A.6|Exp3A.1|Exp3A.2|Exp3A.4|Exp3A.3|Exp3A.7|Exp3A.5","|Exp4A.6|Exp4A.5|Exp4A.3|Exp4A.2|Exp4A.4|Exp4A.7|Exp4A.1",2,"A",9398,"adults",NA,NA
"83","83","deeper","deeper","deeper","No!","No!","To figure out what Wendi likes to use when Wendi jumps cliffs",29,50,100,49,49,50,79,70,84,87,90,89,91,91,96,89,91,32,100,50,0,1,0,50,98,99,98,30,51,91,42,30,32,30,21,94,5,50,94,79,54,8,8,4,5,"Wendi's favorite gelato flavor is sea salt caramel",0,44,"male","|Exp1A.1|Exp1A.2|Exp1A.3|Exp1A.5|Exp1A.6|Exp1A.7|Exp1A.4","|Exp2A.2|Exp2A.4|Exp2A.1|Exp2A.5|Exp2A.3","|Exp3A.4|Exp3A.2|Exp3A.6|Exp3A.5|Exp3A.1|Exp3A.3|Exp3A.7","|Exp4A.1|Exp4A.5|Exp4A.2|Exp4A.3|Exp4A.6|Exp4A.4|Exp4A.7",3,"A",845,"adults",NA,NA
"84","84","deeper","deeper","deeper","No!","No!","To figure out which things Wendi likes and which cliffs she will jump over.",31,51,100,51,31,31,10,14,0,0,72,72,81,82,93,100,100,33,100,52,0,0,9,51,79,100,100,31,51,100,51,31,22,30,16,100,22,51,100,81,51,23,23,5,0,"Wendi's favorite gelato flavor is sea salt caramel",0,43,"female","|Exp1A.2|Exp1A.7|Exp1A.1|Exp1A.5|Exp1A.3|Exp1A.4|Exp1A.6","|Exp2A.4|Exp2A.1|Exp2A.5|Exp2A.2|Exp2A.3","|Exp3A.2|Exp3A.5|Exp3A.6|Exp3A.3|Exp3A.7|Exp3A.1|Exp3A.4","|Exp4A.3|Exp4A.6|Exp4A.1|Exp4A.5|Exp4A.7|Exp4A.4|Exp4A.2",2,"A",706,"adults",NA,NA
"85","85","deeper","deeper","deeper","No!","No!","Determine if wendi likes certain cliffs and shapes",30,52,100,100,52,29,44,30,31,5,53,77,78,74,80,81,100,33,99,52,76,100,77,52,10,76,32,28,54,100,75,52,19,65,31,100,25,53,100,87,73,53,47,36,8,"Wendi's favorite gelato flavor is sea salt carmel",1,34,"male","|Exp1A.4|Exp1A.3|Exp1A.2|Exp1A.1|Exp1A.7|Exp1A.5|Exp1A.6","|Exp2A.2|Exp2A.5|Exp2A.3|Exp2A.4|Exp2A.1","|Exp3A.6|Exp3A.5|Exp3A.7|Exp3A.2|Exp3A.1|Exp3A.4|Exp3A.3","|Exp4A.1|Exp4A.2|Exp4A.3|Exp4A.7|Exp4A.5|Exp4A.4|Exp4A.6",1,"A",2731,"adults",NA,NA
"86","86","deeper","deeper","deeper","No!","No!","TO figure out what Wendi likes and what cliffs she wants to jump. ",72,51,0,84,72,62,57,18,33,28,49,51,37,51,0,0,8,33,100,51,99,88,86,51,21,13,21,71,51,0,58,58,66,82,76,100,21,51,0,18,51,51,58,83,97,"Wendi's favorite gelato flavor is sea salt caramel",0,30,"male","|Exp1B.7|Exp1B.5|Exp1B.3|Exp1B.6|Exp1B.4|Exp1B.1|Exp1B.2","|Exp2B.4|Exp2B.3|Exp2B.2|Exp2B.1|Exp2B.5","|Exp3B.7|Exp3B.2|Exp3B.3|Exp3B.6|Exp3B.1|Exp3B.5|Exp3B.4","|Exp4B.6|Exp4B.5|Exp4B.2|Exp4B.4|Exp4B.7|Exp4B.1|Exp4B.3",3,"B",365,"adults",NA,NA
"87","87","deeper","deeper","deeper","No!","No!","To predict if wendi will jump over a cliff. ",70,51,9,94,85,69,68,48,32,51,51,68,30,11,28,10,9,32,91,51,100,98,91,23,26,18,15,72,51,5,72,73,51,52,33,100,21,51,100,79,79,51,36,7,0,"Wendi's favorite gelato flavor is sea salt caramel",0,30,"female","|Exp1B.4|Exp1B.6|Exp1B.5|Exp1B.7|Exp1B.3|Exp1B.2|Exp1B.1","|Exp2B.3|Exp2B.5|Exp2B.1|Exp2B.2|Exp2B.4","|Exp3B.6|Exp3B.3|Exp3B.1|Exp3B.7|Exp3B.5|Exp3B.2|Exp3B.4","|Exp4B.1|Exp4B.4|Exp4B.3|Exp4B.7|Exp4B.6|Exp4B.2|Exp4B.5",3,"B",32042,"adults",NA,NA
"88","88","deeper","deeper","deeper","No!","No!","to determine which cliffs wendi will jump",72,50,0,92,49,29,30,0,1,0,0,32,30,0,30,0,0,32,100,50,100,100,69,71,30,0,0,72,50,0,50,72,71,71,72,100,22,50,1,0,28,34,66,79,100,"Wendi's favorite gelato flavor is sea salt caramel",0,34,"female","|Exp1B.2|Exp1B.7|Exp1B.1|Exp1B.3|Exp1B.4|Exp1B.5|Exp1B.6","|Exp2B.4|Exp2B.5|Exp2B.2|Exp2B.1|Exp2B.3","|Exp3B.5|Exp3B.2|Exp3B.7|Exp3B.6|Exp3B.1|Exp3B.3|Exp3B.4","|Exp4B.1|Exp4B.7|Exp4B.2|Exp4B.3|Exp4B.4|Exp4B.5|Exp4B.6",2,"B",489,"adults",NA,NA
"89","89","deeper","deeper","deeper","No!","No!","what cliffs wendi likes to jump",73,51,0,94,92,94,88,12,0,0,42,48,54,51,3,0,1,32,100,51,69,21,16,79,20,83,72,71,51,0,74,51,72,67,86,100,30,51,100,86,66,51,23,6,0,"Wedi's favorite gelato flavor is sea salt caramel",1,42,"male","|Exp1B.1|Exp1B.5|Exp1B.4|Exp1B.2|Exp1B.7|Exp1B.3|Exp1B.6","|Exp2B.3|Exp2B.4|Exp2B.2|Exp2B.1|Exp2B.5","|Exp3B.6|Exp3B.3|Exp3B.5|Exp3B.4|Exp3B.7|Exp3B.2|Exp3B.1","|Exp4B.1|Exp4B.2|Exp4B.5|Exp4B.7|Exp4B.6|Exp4B.4|Exp4B.3",1,"B",1065,"adults",NA,NA
"90","90","deeper","deeper","deeper","No!","No!","to find out which items wendi likes and which cliffs wendi is willing to jump",29,51,91,0,27,34,67,52,62,92,51,51,64,87,73,97,93,31,89,51,9,8,10,51,92,92,89,30,51,98,71,31,39,28,37,94,29,51,100,86,81,65,51,35,0,"Wendi's favorite gelato flavor is sea salt caramel",0,37,"female","|Exp1A.4|Exp1A.1|Exp1A.5|Exp1A.6|Exp1A.7|Exp1A.3|Exp1A.2","|Exp2A.2|Exp2A.5|Exp2A.1|Exp2A.3|Exp2A.4","|Exp3A.5|Exp3A.4|Exp3A.6|Exp3A.3|Exp3A.1|Exp3A.2|Exp3A.7","|Exp4A.7|Exp4A.2|Exp4A.4|Exp4A.6|Exp4A.1|Exp4A.3|Exp4A.5",2,"A",664,"adults",NA,NA
"91","91","deeper","deeper","deeper","No!","No!","To figure out which cliffs Wendi is willing to jump for the objects",30,51,100,16,17,28,13,23,1,12,54,68,61,75,88,98,94,31,100,50,4,12,23,43,72,77,81,29,51,100,64,43,57,39,24,99,1,51,100,73,68,56,23,13,2,"Wendi's favorite gelato flavor is sea salt caramel",0,39,"female","|Exp1A.7|Exp1A.5|Exp1A.6|Exp1A.2|Exp1A.1|Exp1A.3|Exp1A.4","|Exp2A.1|Exp2A.5|Exp2A.2|Exp2A.3|Exp2A.4","|Exp3A.5|Exp3A.3|Exp3A.7|Exp3A.2|Exp3A.1|Exp3A.6|Exp3A.4","|Exp4A.2|Exp4A.6|Exp4A.5|Exp4A.1|Exp4A.4|Exp4A.3|Exp4A.7",1,"A",455,"adults",NA,NA
"92","92","deeper","deeper","deeper","No!","No!","Determine which cliffs Wendy will jump over, and which objects she likes.",74,50,0,53,55,65,66,68,60,88,18,40,37,33,39,25,15,34,100,50,71,80,71,51,43,66,38,71,51,2,59,55,55,55,55,98,20,52,3,29,45,53,70,86,95,"Wendi's favorite gelato flavor is sea salt caramel",0,34,"male","|Exp1B.4|Exp1B.5|Exp1B.6|Exp1B.2|Exp1B.7|Exp1B.1|Exp1B.3","|Exp2B.4|Exp2B.5|Exp2B.1|Exp2B.3|Exp2B.2","|Exp3B.4|Exp3B.7|Exp3B.3|Exp3B.1|Exp3B.6|Exp3B.2|Exp3B.5","|Exp4B.2|Exp4B.5|Exp4B.1|Exp4B.4|Exp4B.6|Exp4B.3|Exp4B.7",1,"B",402,"adults",NA,NA
"93","93","deeper","deeper","deeper","No!","No!","figure out with cliffs she wants to jump",70,51,8,71,76,65,59,43,42,51,47,48,31,27,18,23,15,32,93,51,83,77,72,51,31,24,16,71,51,8,77,71,72,82,89,94,22,51,4,8,62,51,59,80,100,"wendis favorite gelato flavor is sea salt caramel",2,57,"male","|Exp1B.4|Exp1B.6|Exp1B.3|Exp1B.5|Exp1B.7|Exp1B.1|Exp1B.2","|Exp2B.2|Exp2B.1|Exp2B.4|Exp2B.3|Exp2B.5","|Exp3B.3|Exp3B.1|Exp3B.2|Exp3B.5|Exp3B.6|Exp3B.4|Exp3B.7","|Exp4B.5|Exp4B.6|Exp4B.1|Exp4B.7|Exp4B.3|Exp4B.4|Exp4B.2",2,"B",550,"adults",NA,NA
"94","94","deeper","deeper","deeper","No!","No!","to figure out if Wendi wants to jump to get the items",29,50,98,61,10,34,21,17,12,13,71,22,45,34,30,20,27,31,92,51,88,66,62,51,43,33,19,33,51,92,43,39,44,40,45,96,29,51,100,80,51,51,22,18,0,"Wendi's favorite gelato flavor is sea salt caramel. ",2,25,"female","|Exp1A.4|Exp1A.1|Exp1A.7|Exp1A.6|Exp1A.2|Exp1A.5|Exp1A.3","|Exp2A.3|Exp2A.5|Exp2A.2|Exp2A.1|Exp2A.4","|Exp3A.7|Exp3A.3|Exp3A.6|Exp3A.2|Exp3A.5|Exp3A.1|Exp3A.4","|Exp4A.5|Exp4A.2|Exp4A.6|Exp4A.7|Exp4A.4|Exp4A.3|Exp4A.1",3,"A",485,"adults",NA,NA
"95","95","deeper","deeper","deeper","No!","No!","to figure out what Wendi likes and what cliffs she will jump over.",71,51,0,83,74,31,51,41,61,29,94,61,37,38,23,40,19,32,100,50,96,81,81,50,35,21,25,70,51,0,41,78,76,56,71,100,26,51,30,7,19,41,38,69,86,"Wendi's favorite gelato flavor is sea salt caramel",0,31,"male","|Exp1B.6|Exp1B.3|Exp1B.4|Exp1B.1|Exp1B.7|Exp1B.5|Exp1B.2","|Exp2B.5|Exp2B.3|Exp2B.2|Exp2B.1|Exp2B.4","|Exp3B.5|Exp3B.1|Exp3B.7|Exp3B.4|Exp3B.3|Exp3B.6|Exp3B.2","|Exp4B.6|Exp4B.2|Exp4B.1|Exp4B.5|Exp4B.7|Exp4B.4|Exp4B.3",3,"B",1649,"adults",NA,NA
"96","96","deeper","deeper","deeper","No!","No!","to figure out what object she will jump over the cliff for ",71,51,1,51,76,66,83,97,97,98,51,41,30,29,7,6,0,31,100,51,89,98,73,51,24,2,1,71,51,0,70,62,73,78,77,96,20,51,0,1,7,21,64,66,78,"Wendi's favorite gelato flavor is sea salt caramel",0,38,"male","|Exp1B.1|Exp1B.7|Exp1B.2|Exp1B.6|Exp1B.4|Exp1B.3|Exp1B.5","|Exp2B.1|Exp2B.5|Exp2B.2|Exp2B.3|Exp2B.4","|Exp3B.4|Exp3B.5|Exp3B.6|Exp3B.3|Exp3B.7|Exp3B.2|Exp3B.1","|Exp4B.2|Exp4B.6|Exp4B.3|Exp4B.5|Exp4B.4|Exp4B.1|Exp4B.7",1,"B",609,"adults",NA,NA
"97","97","deeper","deeper","deeper","No!","No!","learn what objects wendi likes and wants to jump over cliffs to get to",31,51,91,14,20,25,30,44,46,37,66,66,71,71,82,85,91,31,88,50,13,12,22,51,69,67,69,29,51,91,56,46,42,42,30,94,7,50,93,65,45,46,36,7,7,"Wendi's favorite gelato flavor is seas salt caramel",1,37,"male","|Exp1A.4|Exp1A.6|Exp1A.1|Exp1A.3|Exp1A.7|Exp1A.2|Exp1A.5","|Exp2A.5|Exp2A.1|Exp2A.3|Exp2A.2|Exp2A.4","|Exp3A.2|Exp3A.5|Exp3A.6|Exp3A.1|Exp3A.3|Exp3A.7|Exp3A.4","|Exp4A.4|Exp4A.7|Exp4A.1|Exp4A.2|Exp4A.5|Exp4A.3|Exp4A.6",3,"A",554,"adults",NA,NA
"98","98","deeper","deeper","deeper","No!","No!","To figure out which cliffs Wendy will jump in order to get objects she likes",30,51,100,29,30,47,47,81,82,94,38,38,55,54,100,98,100,31,100,51,2,18,10,51,92,85,70,29,51,100,56,41,28,29,51,100,21,51,81,65,62,34,20,2,3,"Wendi's favorite gelato flavor is sea salt caramel",0,39,"female","|Exp1A.7|Exp1A.4|Exp1A.6|Exp1A.1|Exp1A.5|Exp1A.2|Exp1A.3","|Exp2A.4|Exp2A.3|Exp2A.2|Exp2A.5|Exp2A.1","|Exp3A.4|Exp3A.7|Exp3A.1|Exp3A.5|Exp3A.2|Exp3A.6|Exp3A.3","|Exp4A.5|Exp4A.1|Exp4A.6|Exp4A.7|Exp4A.2|Exp4A.3|Exp4A.4",1,"A",1731,"adults",NA,NA
"99","99","deeper","deeper","deeper","No!","No!","determine which cliffs wendi will jump",26,50,100,25,40,67,53,71,85,78,48,76,86,83,100,100,99,30,100,51,17,18,13,50,89,86,84,30,50,93,46,35,29,30,19,100,21,52,100,90,77,66,24,8,0,"Wendi's faorite gelato flavor is sea sat caramel",2,61,"male","|Exp1A.4|Exp1A.6|Exp1A.1|Exp1A.7|Exp1A.5|Exp1A.2|Exp1A.3","|Exp2A.2|Exp2A.3|Exp2A.5|Exp2A.1|Exp2A.4","|Exp3A.4|Exp3A.2|Exp3A.5|Exp3A.1|Exp3A.3|Exp3A.6|Exp3A.7","|Exp4A.4|Exp4A.1|Exp4A.7|Exp4A.6|Exp4A.5|Exp4A.3|Exp4A.2",1,"A",5363,"adults",NA,NA
"100","100","deeper","deeper","deeper","No!","No!","Figure out which ones she likes.",71,51,0,62,60,67,70,68,63,66,35,40,27,21,16,19,0,31,100,49,97,100,91,51,9,0,0,70,51,0,62,65,71,71,75,98,20,51,0,5,30,51,68,77,99,"Wendi's favorite gelato flavor is sea salt caramel",0,25,"male","|Exp1B.1|Exp1B.5|Exp1B.4|Exp1B.3|Exp1B.7|Exp1B.6|Exp1B.2","|Exp2B.4|Exp2B.3|Exp2B.1|Exp2B.2|Exp2B.5","|Exp3B.7|Exp3B.6|Exp3B.4|Exp3B.2|Exp3B.5|Exp3B.3|Exp3B.1","|Exp4B.1|Exp4B.6|Exp4B.3|Exp4B.7|Exp4B.5|Exp4B.2|Exp4B.4",2,"B",467,"adults",NA,NA
"101","101","deeper","deeper","deeper","No!","No!","to find which cliffs wendy likes",71,51,0,100,100,26,28,0,0,0,72,51,0,0,0,0,0,34,100,49,0,0,0,51,100,100,100,71,51,0,100,99,100,100,100,100,0,51,0,0,28,24,20,100,0,"Wendi's favorite gelato flavor is sea salt caramel",0,59,"female","|Exp1B.1|Exp1B.2|Exp1B.5|Exp1B.4|Exp1B.3|Exp1B.6|Exp1B.7","|Exp2B.4|Exp2B.2|Exp2B.1|Exp2B.5|Exp2B.3","|Exp3B.1|Exp3B.5|Exp3B.7|Exp3B.2|Exp3B.4|Exp3B.6|Exp3B.3","|Exp4B.4|Exp4B.2|Exp4B.1|Exp4B.5|Exp4B.6|Exp4B.7|Exp4B.3",1,"B",905,"adults",NA,NA
"102","102","deeper","deeper","deeper","No!","No!","to decide if Wendi wants to jump a certain cliff",30,51,100,0,21,47,59,64,87,90,49,56,81,72,86,100,100,32,100,51,0,20,18,51,73,75,73,31,51,100,35,34,29,39,18,100,27,50,100,91,64,50,29,13,0,"Wendi's favorite gelato flavor is sea salt caramel",0,45,"male","|Exp1A.1|Exp1A.5|Exp1A.4|Exp1A.7|Exp1A.2|Exp1A.6|Exp1A.3","|Exp2A.1|Exp2A.3|Exp2A.2|Exp2A.5|Exp2A.4","|Exp3A.2|Exp3A.1|Exp3A.3|Exp3A.7|Exp3A.5|Exp3A.6|Exp3A.4","|Exp4A.7|Exp4A.6|Exp4A.3|Exp4A.5|Exp4A.1|Exp4A.4|Exp4A.2",2,"A",444,"adults",NA,NA
"103","103","deeper","deeper","deeper","No!","No!","to learn what she likes and doesnt like",71,50,9,86,71,73,76,69,83,59,51,29,31,19,18,4,9,31,92,51,97,78,68,51,27,21,11,70,51,9,77,63,75,81,78,94,4,51,0,11,19,50,64,79,93,"Wendi's favorite gelato flavor is sea salt caramel",0,36,"female","|Exp1B.2|Exp1B.3|Exp1B.4|Exp1B.7|Exp1B.5|Exp1B.1|Exp1B.6","|Exp2B.3|Exp2B.4|Exp2B.5|Exp2B.2|Exp2B.1","|Exp3B.4|Exp3B.7|Exp3B.3|Exp3B.2|Exp3B.6|Exp3B.1|Exp3B.5","|Exp4B.7|Exp4B.2|Exp4B.5|Exp4B.1|Exp4B.3|Exp4B.6|Exp4B.4",3,"B",737,"adults",NA,NA
"104","104","deeper","deeper","deeper","No!","No!","find what wendi likes and which cliff she need to jump from",71,51,4,51,51,51,51,48,51,49,30,28,20,7,10,10,2,31,92,51,85,68,69,51,31,32,32,71,49,0,59,65,10,60,51,94,7,51,94,36,33,51,65,64,95,"Wendi's favorite gelato flavor is sea salt caramel",0,38,"male","|Exp1B.2|Exp1B.7|Exp1B.1|Exp1B.4|Exp1B.5|Exp1B.6|Exp1B.3","|Exp2B.3|Exp2B.5|Exp2B.2|Exp2B.4|Exp2B.1","|Exp3B.1|Exp3B.2|Exp3B.6|Exp3B.4|Exp3B.7|Exp3B.3|Exp3B.5","|Exp4B.7|Exp4B.4|Exp4B.6|Exp4B.1|Exp4B.2|Exp4B.5|Exp4B.3",2,"B",814,"adults",NA,NA
"105","105","deeper","deeper","deeper","No!","No!","to find out which objects wendi likes",30,51,92,30,50,50,71,71,92,91,50,72,70,90,91,92,100,31,100,50,0,14,32,52,71,71,70,30,51,91,39,36,29,29,30,100,0,53,95,78,64,22,36,9,0,"Wendi's favorite gelato flavor is sea salt caramel",0,30,"male","|Exp1A.3|Exp1A.7|Exp1A.1|Exp1A.6|Exp1A.2|Exp1A.5|Exp1A.4","|Exp2A.5|Exp2A.2|Exp2A.3|Exp2A.4|Exp2A.1","|Exp3A.1|Exp3A.3|Exp3A.6|Exp3A.3|Exp3A.1|Exp3A.6|Exp3A.2|Exp3A.3|Exp3A.5|Exp3A.4|Exp3A.6|Exp3A.7|Exp3A.1","|Exp4A.1|Exp4A.3|Exp4A.5|Exp4A.2|Exp4A.7|Exp4A.6|Exp4A.4",1,"A",789,"adults",NA,NA
"106","106","deeper","deeper","deeper","No!","No!","to decide which cliffs wendi will jump",71,51,7,93,69,72,53,NA,36,32,37,28,56,43,27,32,26,34,88,51,88,79,67,51,31,23,13,69,51,9,29,72,36,70,41,95,21,51,7,18,31,46,66,85,95,"Wendi's favorite gelato flavor is sea salt caramel",0,44,"female","|Exp1B.1|Exp1B.7|Exp1B.4|Exp1B.6|Exp1B.2|Exp1B.3|Exp1B.5","|Exp2B.2|Exp2B.3|Exp2B.5|Exp2B.4|Exp2B.1","|Exp3B.6|Exp3B.3|Exp3B.7|Exp3B.1|Exp3B.4|Exp3B.2|Exp3B.5","|Exp4B.2|Exp4B.1|Exp4B.5|Exp4B.7|Exp4B.3|Exp4B.6|Exp4B.4",3,"B",1180,"adults",NA,NA
"107","107","deeper","deeper","deeper","No!","No!","To find out what cliffs Wendy will jump and what objects she likes",30,50,100,50,35,0,32,12,11,18,86,91,80,81,91,92,82,32,100,50,0,0,0,50,100,83,91,30,50,100,43,35,38,24,19,100,27,51,100,83,52,50,20,0,0,"Wendi's favorite gelato flavor is sea salt caramel",0,26,"male","|Exp1A.7|Exp1A.4|Exp1A.6|Exp1A.1|Exp1A.3|Exp1A.5|Exp1A.2","|Exp2A.2|Exp2A.1|Exp2A.4|Exp2A.5|Exp2A.3","|Exp3A.3|Exp3A.6|Exp3A.5|Exp3A.7|Exp3A.1|Exp3A.4|Exp3A.2|Exp3A.4|Exp3A.1|Exp3A.7|Exp3A.1|Exp3A.4|Exp3A.2|Exp3A.2|Exp3A.4|Exp3A.1|Exp3A.4|Exp3A.2","|Exp4A.3|Exp4A.7|Exp4A.1|Exp4A.4|Exp4A.5|Exp4A.6|Exp4A.2",3,"A",481,"adults",NA,NA
"108","108","deeper","deeper","deeper","No!","No!","guess what wendi likes more based on her actions",72,51,0,51,52,51,51,51,51,51,51,28,39,37,19,23,21,29,94,51,100,100,100,31,27,26,28,71,51,0,71,71,73,71,72,100,21,51,0,6,17,51,67,75,100,"Wendi's favorite gelato flavor is sea salt caramel",0,34,"female","|Exp1B.1|Exp1B.3|Exp1B.2|Exp1B.7|Exp1B.6|Exp1B.5|Exp1B.4","|Exp2B.2|Exp2B.4|Exp2B.1|Exp2B.3|Exp2B.1|Exp2B.3|Exp2B.5","|Exp3B.7|Exp3B.4|Exp3B.6|Exp3B.5|Exp3B.3|Exp3B.1|Exp3B.2","|Exp4B.2|Exp4B.5|Exp4B.1|Exp4B.3|Exp4B.7|Exp4B.4|Exp4B.6",2,"B",305,"adults",NA,NA
"109","109","deeper","deeper","deeper","No!","No!",NA,67,51,0,100,70,51,53,29,42,27,51,51,36,36,0,20,0,33,100,51,66,68,69,51,29,35,36,0,70,51,100,100,100,100,100,100,21,51,0,37,37,36,51,51,100,NA,NA,NA,"Male",NA,NA,NA,NA,3,"B",NA,"kids",84.87096774,7
"110","110","deeper","deeper","deeper","No!","No!",NA,29,51,100,31,45,70,92,62,100,86,39,44,100,98,86,100,100,35,100,51,0,0,41,51,57,59,56,30,51,100,57,61,58,56,56,100,18,51,100,75,39,51,26,28,0,NA,NA,NA,"Female",NA,NA,NA,NA,1,"A",NA,"kids",86.80645161,7
"111","111","deeper","deeper","deeper","No!","No!",NA,73,51,7,50,70,27,51,0,23,28,29,0,0,0,0,0,0,31,100,51,69,81,69,38,51,51,0,0,70,50,51,69,100,70,51,100,28,50,0,0,5,63,70,72,88,NA,NA,NA,"Male",NA,NA,NA,NA,3,"B",NA,"kids",74.51612903,6
"112","112","deeper","deeper","deeper","No!","No!",NA,30,53,100,28,32,51,51,64,41,82,51,82,100,74,70,83,100,30,99,51,0,0,3,53,100,100,100,34,52,100,61,53,48,87,81,100,24,49,52,51,59,51,69,100,100,NA,NA,NA,"Male",NA,NA,NA,NA,1,"A",NA,"kids",75.19354839,6
"113","113","deeper","deeper","deeper","No!","No!",NA,35,51,100,1,51,26,33,51,33,72,0,59,17,74,100,52,100,24,100,51,100,51,75,16,0,82,99,24,55,100,32,71,66,51,34,100,29,50,100,100,100,100,100,100,100,NA,NA,NA,"Female",NA,NA,NA,NA,1,"A",NA,"kids",75.70967742,6
"114","114","deeper","deeper","deeper","No!","No!",NA,38,51,100,41,33,51,73,71,100,51,52,70,74,100,100,100,73,31,100,51,0,2,0,97,100,100,100,25,52,100,60,53,32,51,67,100,23,52,80,65,23,79,94,98,96,NA,NA,NA,"Female",NA,NA,NA,NA,1,"A",NA,"kids",91.70967742,7
"115","115","deeper","deeper","deeper","No!","No!",NA,30,52,100,6,0,7,3,3,9,0,98,92,94,94,100,93,100,30,100,50,0,0,0,100,100,98,100,39,48,100,8,95,92,28,93,100,25,53,100,100,100,100,100,100,100,NA,NA,NA,"Female",NA,NA,NA,NA,3,"A",NA,"kids",75.06451613,6
"116","116","deeper","deeper","deeper","No!","No!",NA,28,51,100,0,51,0,40,61,30,61,34,100,41,41,70,74,100,32,100,51,0,0,31,51,63,70,76,28,51,100,36,41,51,24,18,100,24,51,100,37,36,51,61,0,100,NA,NA,NA,"Female",NA,NA,NA,NA,2,"A",NA,"kids",86,7
"117","117","deeper","deeper","deeper","No!","No!",NA,69,51,0,100,100,100,100,71,0,28,28,28,28,31,27,0,0,36,100,51,100,67,63,59,30,100,0,0,67,51,99,74,100,71,100,100,8,51,0,8,10,36,82,67,100,NA,NA,NA,"Male",NA,NA,NA,NA,2,"B",NA,"kids",80.81423804,6
"118","118","deeper","deeper","deeper","No!","No!",NA,60,50,0,100,72,51,72,100,71,51,0,29,1,28,28,51,0,39,94,51,98,100,72,51,31,33,30,0,67,51,47,51,28,28,33,100,18,51,22,49,0,1,51,97,98,NA,NA,NA,"Female",NA,NA,NA,NA,2,"B",NA,"kids",89.10344828,7
"119","119","deeper","deeper","deeper","No!","No!",NA,40,50,100,40,32,62,64,70,82,70,100,65,100,88,100,100,100,38,100,49,0,0,0,50,100,100,100,39,51,100,51,50,50,50,51,100,24,51,100,41,51,50,29,30,49,NA,NA,NA,"Female",NA,NA,NA,NA,2,"A",NA,"kids",87.10344828,7
"120","120","deeper","deeper","deeper","No!","No!",NA,63,51,0,100,52,53,38,61,0,0,8,1,31,0,0,0,0,38,100,51,100,100,100,52,51,1,0,100,62,51,29,56,51,47,65,100,23,53,0,0,100,51,51,100,100,NA,NA,NA,"Male",NA,NA,NA,NA,1,"B",NA,"kids",72.24137931,6
"121","121","deeper","deeper","deeper","No!","No!",NA,62,51,0,68,57,59,63,58,52,43,43,43,32,37,25,0,0,31,100,51,100,71,70,51,33,34,33,0,68,51,56,51,51,51,60,100,6,51,0,0,23,36,51,51,93,NA,NA,NA,"Female",NA,NA,NA,NA,2,"B",NA,"kids",91.68965517,7
"122","122","deeper","deeper","deeper","No!","No!",NA,28,49,100,24,35,55,59,66,60,80,39,38,61,66,79,71,88,29,100,51,0,28,34,51,72,80,77,29,51,100,55,59,56,72,77,100,14,51,100,60,57,51,3,87,100,NA,NA,NA,"Male",NA,NA,NA,NA,2,"A",NA,"kids",84.4137931,7
"123","123","deeper","deeper","deeper","No!","No!",NA,63,51,0,44,58,42,39,46,58,57,53,48,40,35,22,17,0,36,100,51,63,59,58,58,45,45,46,100,64,50,59,58,53,53,56,100,21,51,0,8,7,51,65,80,100,NA,NA,NA,"Female",NA,NA,NA,NA,1,"B",NA,"kids",89.95216908,7
"124","124","deeper","deeper","deeper","No!","No!",NA,30,51,100,31,47,51,60,62,61,70,40,86,56,52,72,82,72,34,100,51,0,0,31,51,70,69,100,34,51,100,43,61,61,60,65,100,22,51,52,38,44,48,45,48,100,NA,NA,NA,"Female",NA,NA,NA,NA,3,"A",NA,"kids",92.03448276,7
"125","125","deeper","deeper","deeper","No!","No!",NA,28,51,100,0,51,28,27,51,73,53,51,74,86,72,80,100,99,29,96,51,0,17,31,0,72,81,17,33,51,89,0,50,29,29,51,100,27,51,80,67,52,51,21,37,0,NA,NA,NA,"Male",NA,NA,NA,NA,3,"A",NA,"kids",87.9243604,7
"126","126","deeper","deeper","deeper","No!","No!",NA,35,51,100,38,17,72,41,83,61,74,100,74,86,82,100,100,100,39,100,51,59,42,41,61,61,55,100,37,51,100,61,100,61,73,84,100,28,51,78,51,42,42,4,38,0,NA,NA,NA,"Female",NA,NA,NA,NA,3,"A",NA,"kids",75.96329255,6
"127","127","deeper","deeper","deeper","No!","No!",NA,36,51,100,13,22,18,34,30,42,64,10,19,12,56,39,70,81,31,100,51,0,22,24,51,51,75,75,29,51,100,38,43,60,59,44,100,20,51,100,43,23,21,38,6,0,NA,NA,NA,"Male",NA,NA,NA,NA,3,"A",NA,"kids",83.62068966,6
"128","128","deeper","deeper","deeper","No!","No!",NA,63,51,10,68,72,58,57,48,46,26,70,67,60,51,9,22,13,30,100,51,100,75,77,51,22,12,24,0,71,49,51,43,20,36,22,100,26,51,29,20,34,67,55,64,81,NA,NA,NA,"Female",NA,NA,NA,NA,3,"B",NA,"kids",80.96551724,6
"129","129","deeper","deeper","deeper","No!","No!",NA,31,51,100,42,41,67,62,73,64,66,58,43,75,76,83,92,100,37,100,51,29,27,35,50,70,68,72,32,51,100,29,28,38,39,31,100,30,51,75,80,70,43,67,46,64,NA,NA,NA,"Female",NA,NA,NA,NA,1,"A",NA,"kids",92.4416018,7
"130","130","deeper","deeper","deeper","No!","No!",NA,31,50,100,0,68,0,33,33,100,92,48,99,70,51,69,100,100,24,97,49,0,0,30,49,71,69,73,29,50,100,23,68,51,88,69,100,26,51,0,49,38,51,65,100,100,NA,NA,NA,"Female",NA,NA,NA,NA,2,"A",NA,"kids",93.2602892,7
"131","131","deeper","deeper","deeper","No!","No!",NA,71,51,0,38,51,70,71,100,71,100,30,28,29,0,9,27,0,34,100,51,100,100,100,50,0,0,0,71,51,0,92,51,72,71,70,100,28,51,0,21,36,58,65,83,100,NA,NA,NA,"Male",NA,NA,NA,NA,2,"B",NA,"kids",88.2925473,7
"132","132","deeper","deeper","deeper","No!","No!",NA,23,51,100,13,2,61,72,72,73,88,51,24,71,82,85,98,100,31,100,51,75,33,71,32,32,72,71,29,51,100,51,8,19,30,72,100,28,51,100,65,44,27,37,4,0,NA,NA,NA,"Female",NA,NA,NA,NA,1,"A",NA,"kids",93.2536151,7
"133","133","deeper","deeper","deeper","No!","No!",NA,39,51,100,28,25,32,10,36,42,18,100,83,86,94,86,100,85,29,100,50,69,30,34,49,69,71,33,29,51,100,69,30,19,23,64,100,21,52,0,21,36,100,100,79,79,NA,NA,NA,"Female",NA,NA,NA,NA,2,"A",NA,"kids",80.8774194,6
"134","134","deeper","deeper","deeper","No!","No!",NA,69,51,0,72,67,61,57,44,35,30,100,51,39,42,33,28,0,39,100,51,78,100,64,51,41,36,0,69,50,0,51,52,51,51,50,100,20,51,0,5,21,51,66,81,100,NA,NA,NA,"Female",NA,NA,NA,NA,2,"B",NA,"kids",87.4903226,7
"135","135","deeper","deeper","deeper","No!","No!",NA,31,51,100,0,28,100,100,72,100,71,9,29,100,100,100,100,100,32,100,51,0,0,0,52,100,100,100,30,51,100,31,7,70,51,30,100,18,51,20,0,21,51,35,64,51,NA,NA,NA,"Female",NA,NA,NA,NA,2,"A",NA,"kids",87.6967742,7
"136","136","deeper","deeper","deeper","No!","No!",NA,71,50,0,100,73,72,84,31,21,32,61,85,42,53,0,0,17,36,100,51,100,100,100,0,0,0,0,71,51,0,0,0,0,0,0,100,25,51,0,0,20,51,51,100,100,NA,NA,NA,"Male",NA,NA,NA,NA,2,"B",NA,"kids",80.4666667,6
"137","137","deeper","deeper","deeper","No!","No!",NA,70,50,0,100,51,69,46,50,25,29,71,52,52,26,0,0,0,33,100,51,100,100,100,100,1,100,100,68,51,0,51,50,100,51,46,100,19,51,2,1,2,52,6,23,100,NA,NA,NA,"Male",NA,NA,NA,NA,1,"B",NA,"kids",77.2666667,6
"138","138","deeper","deeper","deeper","No!","No!",NA,77,53,6,100,74,53,52,52,60,50,73,51,51,30,54,28,6,34,100,49,100,72,100,51,51,2,0,73,53,0,71,90,73,74,54,99,18,51,97,98,68,52,37,0,0,NA,NA,NA,"Male",NA,NA,NA,NA,3,"B",NA,"kids",77.2666667,6
"139","139","deeper","deeper","deeper","No!","No!",NA,73,49,0,100,78,46,45,28,10,30,27,48,40,26,0,0,0,32,100,51,70,69,69,49,33,32,29,75,53,0,28,70,31,100,72,100,26,50,0,80,100,0,0,0,63,NA,NA,NA,"Female",NA,NA,NA,NA,1,"B",NA,"kids",76,6
"140","140","deeper","deeper","deeper","No!","No!",NA,74,50,0,62,42,30,24,19,0,0,51,33,8,7,0,0,0,31,100,51,100,77,69,51,35,31,17,70,52,1,40,61,57,61,39,99,27,52,13,0,9,1,66,73,72,NA,NA,NA,"Female",NA,NA,NA,NA,3,"B",NA,"kids",89.5,7
"141","141","deeper","deeper","deeper","No!","No!",NA,72,51,0,71,50,71,50,28,29,30,31,51,51,29,28,28,29,33,89,50,90,69,68,51,32,31,32,72,51,8,71,51,72,71,71,100,21,51,0,21,24,51,51,80,100,NA,NA,NA,"Female",NA,NA,NA,NA,1,"B",NA,"kids",81.7,6
"142","142","deeper","deeper","deeper","No!","No!",NA,72,51,0,51,45,44,42,34,30,33,30,37,19,0,69,0,0,35,100,50,100,68,68,51,32,20,34,65,50,0,72,71,69,70,100,100,17,50,0,36,23,22,34,36,79,NA,NA,NA,"Female",NA,NA,NA,NA,1,"B",NA,"kids",93.9268817,7
"143","143","deeper","deeper","deeper","No!","No!",NA,67,50,0,100,100,49,100,100,61,100,72,66,0,0,0,65,0,35,100,51,100,100,100,0,0,0,0,67,51,0,100,51,100,66,66,100,28,51,0,0,19,23,36,100,100,NA,NA,NA,"Female",NA,NA,NA,NA,3,"B",NA,"kids",79.6333333,6
"144","144","deeper","deeper","deeper","No!","No!",NA,31,51,100,21,50,50,65,71,61,82,51,100,100,100,100,100,100,32,100,51,51,0,0,51,51,100,100,30,51,100,35,0,33,13,19,100,28,49,100,51,34,21,36,0,0,NA,NA,NA,"Female",NA,NA,NA,NA,3,"A",NA,"kids",84.8967742,7
